[
    {
        "id": "order-0",
        "positions": [
            "article-165",
            "article-502",
            "article-722"
        ]
    },
    {
        "id": "order-1",
        "positions": [
            "article-3309",
            "article-974"
        ]
    },
    {
        "id": "order-2",
        "positions": [
            "article-644",
            "article-1825"
        ]
    },
    {
        "id": "order-3",
        "positions": [
            "article-973",
            "article-1775"
        ]
    },
    {
        "id": "order-4",
        "positions": [
            "article-584",
            "article-2869"
        ]
    },
    {
        "id": "order-5",
        "positions": [
            "article-2170",
            "article-276",
            "article-1095"
        ]
    },
    {
        "id": "order-6",
        "positions": [
            "article-249",
            "article-2619"
        ]
    },
    {
        "id": "order-7",
        "positions": [
            "article-2503",
            "article-2875",
            "article-2967"
        ]
    },
    {
        "id": "order-8",
        "positions": [
            "article-1152",
            "article-2377"
        ]
    },
    {
        "id": "order-9",
        "positions": [
            "article-1521",
            "article-3087",
            "article-3305",
            "article-2013"
        ]
    },
    {
        "id": "order-10",
        "positions": [
            "article-3",
            "article-1254",
            "article-2924"
        ]
    },
    {
        "id": "order-11",
        "positions": [
            "article-262",
            "article-1519",
            "article-2396",
            "article-3020",
            "article-2118"
        ]
    },
    {
        "id": "order-12",
        "positions": [
            "article-870",
            "article-1784"
        ]
    },
    {
        "id": "order-13",
        "positions": [
            "article-3185",
            "article-705",
            "article-1172"
        ]
    },
    {
        "id": "order-14",
        "positions": [
            "article-3046",
            "article-300",
            "article-255"
        ]
    },
    {
        "id": "order-15",
        "positions": [
            "article-332",
            "article-1383"
        ]
    },
    {
        "id": "order-16",
        "positions": [
            "article-599",
            "article-393"
        ]
    },
    {
        "id": "order-17",
        "positions": [
            "article-1607",
            "article-2593",
            "article-1899"
        ]
    },
    {
        "id": "order-18",
        "positions": [
            "article-2182",
            "article-251"
        ]
    },
    {
        "id": "order-19",
        "positions": [
            "article-3027",
            "article-107"
        ]
    },
    {
        "id": "order-20",
        "positions": [
            "article-1880",
            "article-3244",
            "article-424"
        ]
    },
    {
        "id": "order-21",
        "positions": [
            "article-661",
            "article-106"
        ]
    },
    {
        "id": "order-22",
        "positions": [
            "article-1694",
            "article-938"
        ]
    },
    {
        "id": "order-23",
        "positions": [
            "article-2157",
            "article-2426"
        ]
    },
    {
        "id": "order-24",
        "positions": [
            "article-3046",
            "article-2783"
        ]
    },
    {
        "id": "order-25",
        "positions": [
            "article-2357",
            "article-3190"
        ]
    },
    {
        "id": "order-26",
        "positions": [
            "article-681",
            "article-1121",
            "article-1132",
            "article-478"
        ]
    },
    {
        "id": "order-27",
        "positions": [
            "article-2131",
            "article-1159",
            "article-60",
            "article-2745"
        ]
    },
    {
        "id": "order-28",
        "positions": [
            "article-2021",
            "article-2883",
            "article-675"
        ]
    },
    {
        "id": "order-29",
        "positions": [
            "article-3131",
            "article-126"
        ]
    },
    {
        "id": "order-30",
        "positions": [
            "article-788",
            "article-178",
            "article-240"
        ]
    },
    {
        "id": "order-31",
        "positions": [
            "article-2859",
            "article-1963"
        ]
    },
    {
        "id": "order-32",
        "positions": [
            "article-2529",
            "article-683",
            "article-2747"
        ]
    },
    {
        "id": "order-33",
        "positions": [
            "article-0",
            "article-938"
        ]
    },
    {
        "id": "order-34",
        "positions": [
            "article-405",
            "article-1555"
        ]
    },
    {
        "id": "order-35",
        "positions": [
            "article-1379",
            "article-3295",
            "article-1541"
        ]
    },
    {
        "id": "order-36",
        "positions": [
            "article-878",
            "article-1440",
            "article-914"
        ]
    },
    {
        "id": "order-37",
        "positions": [
            "article-714",
            "article-358"
        ]
    },
    {
        "id": "order-38",
        "positions": [
            "article-1210",
            "article-87"
        ]
    },
    {
        "id": "order-39",
        "positions": [
            "article-1374",
            "article-2678"
        ]
    },
    {
        "id": "order-40",
        "positions": [
            "article-2990",
            "article-214",
            "article-487",
            "article-801"
        ]
    },
    {
        "id": "order-41",
        "positions": [
            "article-2309",
            "article-218",
            "article-262",
            "article-1133"
        ]
    },
    {
        "id": "order-42",
        "positions": [
            "article-3093",
            "article-2483"
        ]
    },
    {
        "id": "order-43",
        "positions": [
            "article-3056",
            "article-1896"
        ]
    },
    {
        "id": "order-44",
        "positions": [
            "article-1646",
            "article-1144",
            "article-433",
            "article-1494"
        ]
    },
    {
        "id": "order-45",
        "positions": [
            "article-2103",
            "article-1339"
        ]
    },
    {
        "id": "order-46",
        "positions": [
            "article-2232",
            "article-3025"
        ]
    },
    {
        "id": "order-47",
        "positions": [
            "article-2494",
            "article-446",
            "article-2533"
        ]
    },
    {
        "id": "order-48",
        "positions": [
            "article-678",
            "article-872"
        ]
    },
    {
        "id": "order-49",
        "positions": [
            "article-2481",
            "article-2458",
            "article-2588",
            "article-2088"
        ]
    },
    {
        "id": "order-50",
        "positions": [
            "article-1719",
            "article-2587"
        ]
    },
    {
        "id": "order-51",
        "positions": [
            "article-3290",
            "article-2534",
            "article-1620"
        ]
    },
    {
        "id": "order-52",
        "positions": [
            "article-45",
            "article-1891"
        ]
    },
    {
        "id": "order-53",
        "positions": [
            "article-3085",
            "article-571"
        ]
    },
    {
        "id": "order-54",
        "positions": [
            "article-1877",
            "article-2116",
            "article-6"
        ]
    },
    {
        "id": "order-55",
        "positions": [
            "article-1409",
            "article-2054"
        ]
    },
    {
        "id": "order-56",
        "positions": [
            "article-72",
            "article-1690"
        ]
    },
    {
        "id": "order-57",
        "positions": [
            "article-1919",
            "article-584",
            "article-1824",
            "article-3127"
        ]
    },
    {
        "id": "order-58",
        "positions": [
            "article-1501",
            "article-2733",
            "article-1800"
        ]
    },
    {
        "id": "order-59",
        "positions": [
            "article-2343",
            "article-1110"
        ]
    },
    {
        "id": "order-60",
        "positions": [
            "article-3048",
            "article-3002",
            "article-2321"
        ]
    },
    {
        "id": "order-61",
        "positions": [
            "article-2569",
            "article-2601"
        ]
    },
    {
        "id": "order-62",
        "positions": [
            "article-937",
            "article-444"
        ]
    },
    {
        "id": "order-63",
        "positions": [
            "article-1952",
            "article-1254"
        ]
    },
    {
        "id": "order-64",
        "positions": [
            "article-2396",
            "article-964"
        ]
    },
    {
        "id": "order-65",
        "positions": [
            "article-2696",
            "article-1363",
            "article-433"
        ]
    },
    {
        "id": "order-66",
        "positions": [
            "article-2508",
            "article-1522"
        ]
    },
    {
        "id": "order-67",
        "positions": [
            "article-2482",
            "article-2669"
        ]
    },
    {
        "id": "order-68",
        "positions": [
            "article-2118",
            "article-557",
            "article-2547",
            "article-1908"
        ]
    },
    {
        "id": "order-69",
        "positions": [
            "article-2647",
            "article-2754"
        ]
    },
    {
        "id": "order-70",
        "positions": [
            "article-2239",
            "article-1503"
        ]
    },
    {
        "id": "order-71",
        "positions": [
            "article-2113",
            "article-1133",
            "article-1515"
        ]
    },
    {
        "id": "order-72",
        "positions": [
            "article-3106",
            "article-2672"
        ]
    },
    {
        "id": "order-73",
        "positions": [
            "article-1651",
            "article-1292",
            "article-1644"
        ]
    },
    {
        "id": "order-74",
        "positions": [
            "article-1156",
            "article-2297",
            "article-2029"
        ]
    },
    {
        "id": "order-75",
        "positions": [
            "article-1809",
            "article-812",
            "article-616"
        ]
    },
    {
        "id": "order-76",
        "positions": [
            "article-2034",
            "article-3326",
            "article-1744",
            "article-1880"
        ]
    },
    {
        "id": "order-77",
        "positions": [
            "article-3091",
            "article-1088",
            "article-1450"
        ]
    },
    {
        "id": "order-78",
        "positions": [
            "article-119",
            "article-1624"
        ]
    },
    {
        "id": "order-79",
        "positions": [
            "article-2411",
            "article-2059"
        ]
    },
    {
        "id": "order-80",
        "positions": [
            "article-2785",
            "article-1227"
        ]
    },
    {
        "id": "order-81",
        "positions": [
            "article-182",
            "article-1635",
            "article-113"
        ]
    },
    {
        "id": "order-82",
        "positions": [
            "article-2305",
            "article-1742"
        ]
    },
    {
        "id": "order-83",
        "positions": [
            "article-3267",
            "article-134",
            "article-784",
            "article-2677",
            "article-609",
            "article-2541"
        ]
    },
    {
        "id": "order-84",
        "positions": [
            "article-2116",
            "article-2014",
            "article-1011"
        ]
    },
    {
        "id": "order-85",
        "positions": [
            "article-3057",
            "article-826"
        ]
    },
    {
        "id": "order-86",
        "positions": [
            "article-1759",
            "article-2256"
        ]
    },
    {
        "id": "order-87",
        "positions": [
            "article-2495",
            "article-1515"
        ]
    },
    {
        "id": "order-88",
        "positions": [
            "article-273",
            "article-3249",
            "article-2723"
        ]
    },
    {
        "id": "order-89",
        "positions": [
            "article-2691",
            "article-879"
        ]
    },
    {
        "id": "order-90",
        "positions": [
            "article-1007",
            "article-1915"
        ]
    },
    {
        "id": "order-91",
        "positions": [
            "article-1474",
            "article-1226"
        ]
    },
    {
        "id": "order-92",
        "positions": [
            "article-1886",
            "article-329"
        ]
    },
    {
        "id": "order-93",
        "positions": [
            "article-1199",
            "article-2381",
            "article-2738"
        ]
    },
    {
        "id": "order-94",
        "positions": [
            "article-1499",
            "article-2688"
        ]
    },
    {
        "id": "order-95",
        "positions": [
            "article-3245",
            "article-2555",
            "article-358",
            "article-851",
            "article-1204",
            "article-1598"
        ]
    },
    {
        "id": "order-96",
        "positions": [
            "article-3109",
            "article-2574"
        ]
    },
    {
        "id": "order-97",
        "positions": [
            "article-1622",
            "article-2219"
        ]
    },
    {
        "id": "order-98",
        "positions": [
            "article-1763",
            "article-1782",
            "article-1620",
            "article-1135"
        ]
    },
    {
        "id": "order-99",
        "positions": [
            "article-1571",
            "article-2237"
        ]
    },
    {
        "id": "order-100",
        "positions": [
            "article-2962",
            "article-2066",
            "article-1989"
        ]
    },
    {
        "id": "order-101",
        "positions": [
            "article-225",
            "article-1283"
        ]
    },
    {
        "id": "order-102",
        "positions": [
            "article-3041",
            "article-2541",
            "article-1676",
            "article-2463"
        ]
    },
    {
        "id": "order-103",
        "positions": [
            "article-564",
            "article-348"
        ]
    },
    {
        "id": "order-104",
        "positions": [
            "article-3019",
            "article-651"
        ]
    },
    {
        "id": "order-105",
        "positions": [
            "article-321",
            "article-3173",
            "article-2240",
            "article-1170",
            "article-3210",
            "article-986"
        ]
    },
    {
        "id": "order-106",
        "positions": [
            "article-3070",
            "article-133",
            "article-1743",
            "article-1238"
        ]
    },
    {
        "id": "order-107",
        "positions": [
            "article-2228",
            "article-1013",
            "article-2429"
        ]
    },
    {
        "id": "order-108",
        "positions": [
            "article-211",
            "article-663",
            "article-2037",
            "article-1323"
        ]
    },
    {
        "id": "order-109",
        "positions": [
            "article-1562",
            "article-3014"
        ]
    },
    {
        "id": "order-110",
        "positions": [
            "article-649",
            "article-3213"
        ]
    },
    {
        "id": "order-111",
        "positions": [
            "article-2200",
            "article-675"
        ]
    },
    {
        "id": "order-112",
        "positions": [
            "article-3148",
            "article-2907"
        ]
    },
    {
        "id": "order-113",
        "positions": [
            "article-2408",
            "article-3031",
            "article-689"
        ]
    },
    {
        "id": "order-114",
        "positions": [
            "article-3321",
            "article-2218"
        ]
    },
    {
        "id": "order-115",
        "positions": [
            "article-1494",
            "article-95"
        ]
    },
    {
        "id": "order-116",
        "positions": [
            "article-2712",
            "article-3113",
            "article-558",
            "article-186"
        ]
    },
    {
        "id": "order-117",
        "positions": [
            "article-2317",
            "article-2312",
            "article-1553"
        ]
    },
    {
        "id": "order-118",
        "positions": [
            "article-2358",
            "article-517",
            "article-3059"
        ]
    },
    {
        "id": "order-119",
        "positions": [
            "article-264",
            "article-482",
            "article-124",
            "article-2689",
            "article-3213"
        ]
    },
    {
        "id": "order-120",
        "positions": [
            "article-120",
            "article-2970",
            "article-131"
        ]
    },
    {
        "id": "order-121",
        "positions": [
            "article-1729",
            "article-1280"
        ]
    },
    {
        "id": "order-122",
        "positions": [
            "article-1483",
            "article-266"
        ]
    },
    {
        "id": "order-123",
        "positions": [
            "article-1866",
            "article-1332"
        ]
    },
    {
        "id": "order-124",
        "positions": [
            "article-3257",
            "article-2079"
        ]
    },
    {
        "id": "order-125",
        "positions": [
            "article-2399",
            "article-2342"
        ]
    },
    {
        "id": "order-126",
        "positions": [
            "article-3226",
            "article-367"
        ]
    },
    {
        "id": "order-127",
        "positions": [
            "article-1716",
            "article-2353",
            "article-866"
        ]
    },
    {
        "id": "order-128",
        "positions": [
            "article-1263",
            "article-562"
        ]
    },
    {
        "id": "order-129",
        "positions": [
            "article-2177",
            "article-3331"
        ]
    },
    {
        "id": "order-130",
        "positions": [
            "article-2302",
            "article-2116"
        ]
    },
    {
        "id": "order-131",
        "positions": [
            "article-1670",
            "article-583"
        ]
    },
    {
        "id": "order-132",
        "positions": [
            "article-2959",
            "article-1952"
        ]
    },
    {
        "id": "order-133",
        "positions": [
            "article-982",
            "article-2095"
        ]
    },
    {
        "id": "order-134",
        "positions": [
            "article-61",
            "article-2668",
            "article-3273"
        ]
    },
    {
        "id": "order-135",
        "positions": [
            "article-393",
            "article-210",
            "article-115",
            "article-1021"
        ]
    },
    {
        "id": "order-136",
        "positions": [
            "article-1621",
            "article-2864"
        ]
    },
    {
        "id": "order-137",
        "positions": [
            "article-2065",
            "article-756",
            "article-935",
            "article-2074"
        ]
    },
    {
        "id": "order-138",
        "positions": [
            "article-434",
            "article-2412",
            "article-2159",
            "article-1479"
        ]
    },
    {
        "id": "order-139",
        "positions": [
            "article-3203",
            "article-1010"
        ]
    },
    {
        "id": "order-140",
        "positions": [
            "article-2554",
            "article-996"
        ]
    },
    {
        "id": "order-141",
        "positions": [
            "article-881",
            "article-2551"
        ]
    },
    {
        "id": "order-142",
        "positions": [
            "article-1940",
            "article-403"
        ]
    },
    {
        "id": "order-143",
        "positions": [
            "article-559",
            "article-1213"
        ]
    },
    {
        "id": "order-144",
        "positions": [
            "article-2959",
            "article-1746",
            "article-662"
        ]
    },
    {
        "id": "order-145",
        "positions": [
            "article-424",
            "article-3101",
            "article-1621"
        ]
    },
    {
        "id": "order-146",
        "positions": [
            "article-1246",
            "article-1668",
            "article-2680",
            "article-1148"
        ]
    },
    {
        "id": "order-147",
        "positions": [
            "article-1532",
            "article-92"
        ]
    },
    {
        "id": "order-148",
        "positions": [
            "article-3077",
            "article-2800",
            "article-1546"
        ]
    },
    {
        "id": "order-149",
        "positions": [
            "article-760",
            "article-575"
        ]
    },
    {
        "id": "order-150",
        "positions": [
            "article-1495",
            "article-1996",
            "article-1200"
        ]
    },
    {
        "id": "order-151",
        "positions": [
            "article-2575",
            "article-2268"
        ]
    },
    {
        "id": "order-152",
        "positions": [
            "article-119",
            "article-60"
        ]
    },
    {
        "id": "order-153",
        "positions": [
            "article-2056",
            "article-988"
        ]
    },
    {
        "id": "order-154",
        "positions": [
            "article-2297",
            "article-354",
            "article-2339",
            "article-2154"
        ]
    },
    {
        "id": "order-155",
        "positions": [
            "article-271",
            "article-1785"
        ]
    },
    {
        "id": "order-156",
        "positions": [
            "article-483",
            "article-565",
            "article-2949"
        ]
    },
    {
        "id": "order-157",
        "positions": [
            "article-1343",
            "article-3129"
        ]
    },
    {
        "id": "order-158",
        "positions": [
            "article-660",
            "article-416",
            "article-1643",
            "article-3073"
        ]
    },
    {
        "id": "order-159",
        "positions": [
            "article-125",
            "article-1052",
            "article-3275",
            "article-389",
            "article-2975"
        ]
    },
    {
        "id": "order-160",
        "positions": [
            "article-2874",
            "article-792"
        ]
    },
    {
        "id": "order-161",
        "positions": [
            "article-136",
            "article-3048",
            "article-35",
            "article-2462"
        ]
    },
    {
        "id": "order-162",
        "positions": [
            "article-334",
            "article-2855"
        ]
    },
    {
        "id": "order-163",
        "positions": [
            "article-710",
            "article-1708",
            "article-1787"
        ]
    },
    {
        "id": "order-164",
        "positions": [
            "article-1115",
            "article-1160",
            "article-1101",
            "article-2986"
        ]
    },
    {
        "id": "order-165",
        "positions": [
            "article-2544",
            "article-1339"
        ]
    },
    {
        "id": "order-166",
        "positions": [
            "article-1613",
            "article-1704"
        ]
    },
    {
        "id": "order-167",
        "positions": [
            "article-1182",
            "article-169"
        ]
    },
    {
        "id": "order-168",
        "positions": [
            "article-129",
            "article-2144"
        ]
    },
    {
        "id": "order-169",
        "positions": [
            "article-985",
            "article-2558"
        ]
    },
    {
        "id": "order-170",
        "positions": [
            "article-216",
            "article-2733"
        ]
    },
    {
        "id": "order-171",
        "positions": [
            "article-2971",
            "article-2946",
            "article-991",
            "article-459"
        ]
    },
    {
        "id": "order-172",
        "positions": [
            "article-195",
            "article-646"
        ]
    },
    {
        "id": "order-173",
        "positions": [
            "article-2197",
            "article-840",
            "article-3277",
            "article-1809"
        ]
    },
    {
        "id": "order-174",
        "positions": [
            "article-1847",
            "article-2008"
        ]
    },
    {
        "id": "order-175",
        "positions": [
            "article-1044",
            "article-1226"
        ]
    },
    {
        "id": "order-176",
        "positions": [
            "article-169",
            "article-2296",
            "article-2600"
        ]
    },
    {
        "id": "order-177",
        "positions": [
            "article-2940",
            "article-216"
        ]
    },
    {
        "id": "order-178",
        "positions": [
            "article-678",
            "article-3179",
            "article-951"
        ]
    },
    {
        "id": "order-179",
        "positions": [
            "article-2702",
            "article-1380"
        ]
    },
    {
        "id": "order-180",
        "positions": [
            "article-2123",
            "article-2469"
        ]
    },
    {
        "id": "order-181",
        "positions": [
            "article-2861",
            "article-2605",
            "article-2934"
        ]
    },
    {
        "id": "order-182",
        "positions": [
            "article-345",
            "article-2710",
            "article-2167"
        ]
    },
    {
        "id": "order-183",
        "positions": [
            "article-772",
            "article-2830"
        ]
    },
    {
        "id": "order-184",
        "positions": [
            "article-2718",
            "article-5"
        ]
    },
    {
        "id": "order-185",
        "positions": [
            "article-52",
            "article-542",
            "article-3237"
        ]
    },
    {
        "id": "order-186",
        "positions": [
            "article-370",
            "article-1656"
        ]
    },
    {
        "id": "order-187",
        "positions": [
            "article-1009",
            "article-1368",
            "article-1437",
            "article-1400",
            "article-139"
        ]
    },
    {
        "id": "order-188",
        "positions": [
            "article-1608",
            "article-2862",
            "article-1122",
            "article-2793"
        ]
    },
    {
        "id": "order-189",
        "positions": [
            "article-1156",
            "article-2294"
        ]
    },
    {
        "id": "order-190",
        "positions": [
            "article-351",
            "article-2270"
        ]
    },
    {
        "id": "order-191",
        "positions": [
            "article-2729",
            "article-2866"
        ]
    },
    {
        "id": "order-192",
        "positions": [
            "article-2451",
            "article-198"
        ]
    },
    {
        "id": "order-193",
        "positions": [
            "article-1217",
            "article-465"
        ]
    },
    {
        "id": "order-194",
        "positions": [
            "article-1192",
            "article-3127"
        ]
    },
    {
        "id": "order-195",
        "positions": [
            "article-1171",
            "article-486",
            "article-2289",
            "article-2635"
        ]
    },
    {
        "id": "order-196",
        "positions": [
            "article-1705",
            "article-2899"
        ]
    },
    {
        "id": "order-197",
        "positions": [
            "article-497",
            "article-386"
        ]
    },
    {
        "id": "order-198",
        "positions": [
            "article-2415",
            "article-2935",
            "article-2311"
        ]
    },
    {
        "id": "order-199",
        "positions": [
            "article-909",
            "article-128",
            "article-2939"
        ]
    },
    {
        "id": "order-200",
        "positions": [
            "article-3217",
            "article-1545",
            "article-2535"
        ]
    },
    {
        "id": "order-201",
        "positions": [
            "article-2163",
            "article-2185"
        ]
    },
    {
        "id": "order-202",
        "positions": [
            "article-139",
            "article-500"
        ]
    },
    {
        "id": "order-203",
        "positions": [
            "article-2356",
            "article-1261"
        ]
    },
    {
        "id": "order-204",
        "positions": [
            "article-154",
            "article-2750"
        ]
    },
    {
        "id": "order-205",
        "positions": [
            "article-1497",
            "article-3080",
            "article-862",
            "article-897",
            "article-189",
            "article-1598"
        ]
    },
    {
        "id": "order-206",
        "positions": [
            "article-459",
            "article-945",
            "article-1991"
        ]
    },
    {
        "id": "order-207",
        "positions": [
            "article-1255",
            "article-153",
            "article-3043"
        ]
    },
    {
        "id": "order-208",
        "positions": [
            "article-452",
            "article-397"
        ]
    },
    {
        "id": "order-209",
        "positions": [
            "article-3140",
            "article-474"
        ]
    },
    {
        "id": "order-210",
        "positions": [
            "article-2406",
            "article-1047",
            "article-1360",
            "article-2458"
        ]
    },
    {
        "id": "order-211",
        "positions": [
            "article-1683",
            "article-2097"
        ]
    },
    {
        "id": "order-212",
        "positions": [
            "article-739",
            "article-2844"
        ]
    },
    {
        "id": "order-213",
        "positions": [
            "article-2873",
            "article-2183",
            "article-2101"
        ]
    },
    {
        "id": "order-214",
        "positions": [
            "article-191",
            "article-1081"
        ]
    },
    {
        "id": "order-215",
        "positions": [
            "article-1388",
            "article-1568"
        ]
    },
    {
        "id": "order-216",
        "positions": [
            "article-1430",
            "article-761"
        ]
    },
    {
        "id": "order-217",
        "positions": [
            "article-1313",
            "article-1050",
            "article-3325",
            "article-182",
            "article-287"
        ]
    },
    {
        "id": "order-218",
        "positions": [
            "article-2806",
            "article-2981",
            "article-1542",
            "article-830"
        ]
    },
    {
        "id": "order-219",
        "positions": [
            "article-2586",
            "article-2067"
        ]
    },
    {
        "id": "order-220",
        "positions": [
            "article-2906",
            "article-1814"
        ]
    },
    {
        "id": "order-221",
        "positions": [
            "article-1669",
            "article-2315"
        ]
    },
    {
        "id": "order-222",
        "positions": [
            "article-2022",
            "article-2314"
        ]
    },
    {
        "id": "order-223",
        "positions": [
            "article-2500",
            "article-2774",
            "article-113",
            "article-523"
        ]
    },
    {
        "id": "order-224",
        "positions": [
            "article-1625",
            "article-1638"
        ]
    },
    {
        "id": "order-225",
        "positions": [
            "article-3235",
            "article-2693"
        ]
    },
    {
        "id": "order-226",
        "positions": [
            "article-955",
            "article-2223",
            "article-830"
        ]
    },
    {
        "id": "order-227",
        "positions": [
            "article-2439",
            "article-1936"
        ]
    },
    {
        "id": "order-228",
        "positions": [
            "article-3256",
            "article-3329"
        ]
    },
    {
        "id": "order-229",
        "positions": [
            "article-1537",
            "article-819",
            "article-2474"
        ]
    },
    {
        "id": "order-230",
        "positions": [
            "article-1763",
            "article-1534",
            "article-2121"
        ]
    },
    {
        "id": "order-231",
        "positions": [
            "article-2528",
            "article-3062",
            "article-2101",
            "article-3145"
        ]
    },
    {
        "id": "order-232",
        "positions": [
            "article-3091",
            "article-357",
            "article-3013"
        ]
    },
    {
        "id": "order-233",
        "positions": [
            "article-1741",
            "article-1840"
        ]
    },
    {
        "id": "order-234",
        "positions": [
            "article-2164",
            "article-3032"
        ]
    },
    {
        "id": "order-235",
        "positions": [
            "article-365",
            "article-1710",
            "article-2503",
            "article-2862"
        ]
    },
    {
        "id": "order-236",
        "positions": [
            "article-186",
            "article-1044",
            "article-2106"
        ]
    },
    {
        "id": "order-237",
        "positions": [
            "article-1998",
            "article-3271"
        ]
    },
    {
        "id": "order-238",
        "positions": [
            "article-2761",
            "article-2764",
            "article-543",
            "article-1549"
        ]
    },
    {
        "id": "order-239",
        "positions": [
            "article-1382",
            "article-1097",
            "article-629"
        ]
    },
    {
        "id": "order-240",
        "positions": [
            "article-1733",
            "article-2112"
        ]
    },
    {
        "id": "order-241",
        "positions": [
            "article-2772",
            "article-1038"
        ]
    },
    {
        "id": "order-242",
        "positions": [
            "article-2330",
            "article-3184",
            "article-1787"
        ]
    },
    {
        "id": "order-243",
        "positions": [
            "article-2421",
            "article-2393"
        ]
    },
    {
        "id": "order-244",
        "positions": [
            "article-1660",
            "article-96",
            "article-587"
        ]
    },
    {
        "id": "order-245",
        "positions": [
            "article-585",
            "article-3268",
            "article-2892"
        ]
    },
    {
        "id": "order-246",
        "positions": [
            "article-1576",
            "article-1924",
            "article-1042"
        ]
    },
    {
        "id": "order-247",
        "positions": [
            "article-2243",
            "article-2539"
        ]
    },
    {
        "id": "order-248",
        "positions": [
            "article-3135",
            "article-291",
            "article-930"
        ]
    },
    {
        "id": "order-249",
        "positions": [
            "article-2976",
            "article-636",
            "article-1774"
        ]
    },
    {
        "id": "order-250",
        "positions": [
            "article-1166",
            "article-2784",
            "article-3001",
            "article-1890"
        ]
    },
    {
        "id": "order-251",
        "positions": [
            "article-1068",
            "article-1572"
        ]
    },
    {
        "id": "order-252",
        "positions": [
            "article-2776",
            "article-1322"
        ]
    },
    {
        "id": "order-253",
        "positions": [
            "article-2632",
            "article-1034",
            "article-823"
        ]
    },
    {
        "id": "order-254",
        "positions": [
            "article-3138",
            "article-1517",
            "article-1649"
        ]
    },
    {
        "id": "order-255",
        "positions": [
            "article-983",
            "article-871",
            "article-1437"
        ]
    },
    {
        "id": "order-256",
        "positions": [
            "article-2768",
            "article-2272"
        ]
    },
    {
        "id": "order-257",
        "positions": [
            "article-1193",
            "article-2251",
            "article-1521"
        ]
    },
    {
        "id": "order-258",
        "positions": [
            "article-598",
            "article-1246",
            "article-3260",
            "article-1917"
        ]
    },
    {
        "id": "order-259",
        "positions": [
            "article-221",
            "article-3163"
        ]
    },
    {
        "id": "order-260",
        "positions": [
            "article-977",
            "article-1361"
        ]
    },
    {
        "id": "order-261",
        "positions": [
            "article-2961",
            "article-1836"
        ]
    },
    {
        "id": "order-262",
        "positions": [
            "article-408",
            "article-2540",
            "article-445"
        ]
    },
    {
        "id": "order-263",
        "positions": [
            "article-1056",
            "article-1316"
        ]
    },
    {
        "id": "order-264",
        "positions": [
            "article-2661",
            "article-1558"
        ]
    },
    {
        "id": "order-265",
        "positions": [
            "article-2434",
            "article-1901"
        ]
    },
    {
        "id": "order-266",
        "positions": [
            "article-1151",
            "article-2985"
        ]
    },
    {
        "id": "order-267",
        "positions": [
            "article-2271",
            "article-98",
            "article-3117",
            "article-1123"
        ]
    },
    {
        "id": "order-268",
        "positions": [
            "article-1421",
            "article-1356"
        ]
    },
    {
        "id": "order-269",
        "positions": [
            "article-1402",
            "article-1034"
        ]
    },
    {
        "id": "order-270",
        "positions": [
            "article-1918",
            "article-1818"
        ]
    },
    {
        "id": "order-271",
        "positions": [
            "article-369",
            "article-1009"
        ]
    },
    {
        "id": "order-272",
        "positions": [
            "article-2315",
            "article-2191"
        ]
    },
    {
        "id": "order-273",
        "positions": [
            "article-278",
            "article-1827"
        ]
    },
    {
        "id": "order-274",
        "positions": [
            "article-265",
            "article-2559"
        ]
    },
    {
        "id": "order-275",
        "positions": [
            "article-584",
            "article-1598",
            "article-2356"
        ]
    },
    {
        "id": "order-276",
        "positions": [
            "article-2985",
            "article-2197"
        ]
    },
    {
        "id": "order-277",
        "positions": [
            "article-989",
            "article-2006",
            "article-209"
        ]
    },
    {
        "id": "order-278",
        "positions": [
            "article-465",
            "article-990",
            "article-1423",
            "article-2610"
        ]
    },
    {
        "id": "order-279",
        "positions": [
            "article-872",
            "article-2743"
        ]
    },
    {
        "id": "order-280",
        "positions": [
            "article-2702",
            "article-2751"
        ]
    },
    {
        "id": "order-281",
        "positions": [
            "article-1261",
            "article-1143"
        ]
    },
    {
        "id": "order-282",
        "positions": [
            "article-2772",
            "article-372",
            "article-671"
        ]
    },
    {
        "id": "order-283",
        "positions": [
            "article-3279",
            "article-2307",
            "article-2101"
        ]
    },
    {
        "id": "order-284",
        "positions": [
            "article-1185",
            "article-396"
        ]
    },
    {
        "id": "order-285",
        "positions": [
            "article-2766",
            "article-585"
        ]
    },
    {
        "id": "order-286",
        "positions": [
            "article-2388",
            "article-1068"
        ]
    },
    {
        "id": "order-287",
        "positions": [
            "article-383",
            "article-3123"
        ]
    },
    {
        "id": "order-288",
        "positions": [
            "article-1177",
            "article-706"
        ]
    },
    {
        "id": "order-289",
        "positions": [
            "article-223",
            "article-562"
        ]
    },
    {
        "id": "order-290",
        "positions": [
            "article-2993",
            "article-1380",
            "article-1231",
            "article-1397"
        ]
    },
    {
        "id": "order-291",
        "positions": [
            "article-2682",
            "article-1915",
            "article-530",
            "article-2972"
        ]
    },
    {
        "id": "order-292",
        "positions": [
            "article-2008",
            "article-2838",
            "article-2155"
        ]
    },
    {
        "id": "order-293",
        "positions": [
            "article-2243",
            "article-176",
            "article-2625"
        ]
    },
    {
        "id": "order-294",
        "positions": [
            "article-1537",
            "article-1487",
            "article-3008"
        ]
    },
    {
        "id": "order-295",
        "positions": [
            "article-2851",
            "article-1219"
        ]
    },
    {
        "id": "order-296",
        "positions": [
            "article-2053",
            "article-1828"
        ]
    },
    {
        "id": "order-297",
        "positions": [
            "article-489",
            "article-1653"
        ]
    },
    {
        "id": "order-298",
        "positions": [
            "article-2715",
            "article-1433"
        ]
    },
    {
        "id": "order-299",
        "positions": [
            "article-2192",
            "article-1041"
        ]
    },
    {
        "id": "order-300",
        "positions": [
            "article-456",
            "article-900"
        ]
    },
    {
        "id": "order-301",
        "positions": [
            "article-2517",
            "article-964"
        ]
    },
    {
        "id": "order-302",
        "positions": [
            "article-2263",
            "article-1205"
        ]
    },
    {
        "id": "order-303",
        "positions": [
            "article-1351",
            "article-1078",
            "article-703",
            "article-462",
            "article-6"
        ]
    },
    {
        "id": "order-304",
        "positions": [
            "article-1284",
            "article-913",
            "article-1404",
            "article-3258",
            "article-2273",
            "article-861"
        ]
    },
    {
        "id": "order-305",
        "positions": [
            "article-587",
            "article-522",
            "article-1368"
        ]
    },
    {
        "id": "order-306",
        "positions": [
            "article-136",
            "article-2973",
            "article-1002"
        ]
    },
    {
        "id": "order-307",
        "positions": [
            "article-54",
            "article-2339"
        ]
    },
    {
        "id": "order-308",
        "positions": [
            "article-2947",
            "article-374"
        ]
    },
    {
        "id": "order-309",
        "positions": [
            "article-227",
            "article-1645"
        ]
    },
    {
        "id": "order-310",
        "positions": [
            "article-2603",
            "article-2276"
        ]
    },
    {
        "id": "order-311",
        "positions": [
            "article-1609",
            "article-2852"
        ]
    },
    {
        "id": "order-312",
        "positions": [
            "article-1642",
            "article-2645",
            "article-2577"
        ]
    },
    {
        "id": "order-313",
        "positions": [
            "article-257",
            "article-466"
        ]
    },
    {
        "id": "order-314",
        "positions": [
            "article-44",
            "article-935"
        ]
    },
    {
        "id": "order-315",
        "positions": [
            "article-1582",
            "article-1162"
        ]
    },
    {
        "id": "order-316",
        "positions": [
            "article-2255",
            "article-2045"
        ]
    },
    {
        "id": "order-317",
        "positions": [
            "article-1685",
            "article-2000"
        ]
    },
    {
        "id": "order-318",
        "positions": [
            "article-3075",
            "article-3223"
        ]
    },
    {
        "id": "order-319",
        "positions": [
            "article-991",
            "article-2196"
        ]
    },
    {
        "id": "order-320",
        "positions": [
            "article-2614",
            "article-1045"
        ]
    },
    {
        "id": "order-321",
        "positions": [
            "article-2454",
            "article-1635"
        ]
    },
    {
        "id": "order-322",
        "positions": [
            "article-205",
            "article-770",
            "article-3038",
            "article-2177"
        ]
    },
    {
        "id": "order-323",
        "positions": [
            "article-159",
            "article-1827",
            "article-3181",
            "article-423"
        ]
    },
    {
        "id": "order-324",
        "positions": [
            "article-3190",
            "article-1378"
        ]
    },
    {
        "id": "order-325",
        "positions": [
            "article-1818",
            "article-2714"
        ]
    },
    {
        "id": "order-326",
        "positions": [
            "article-3139",
            "article-2977"
        ]
    },
    {
        "id": "order-327",
        "positions": [
            "article-2082",
            "article-1981",
            "article-2488"
        ]
    },
    {
        "id": "order-328",
        "positions": [
            "article-2935",
            "article-2999"
        ]
    },
    {
        "id": "order-329",
        "positions": [
            "article-3174",
            "article-1195",
            "article-1449"
        ]
    },
    {
        "id": "order-330",
        "positions": [
            "article-2649",
            "article-73"
        ]
    },
    {
        "id": "order-331",
        "positions": [
            "article-2341",
            "article-1978"
        ]
    },
    {
        "id": "order-332",
        "positions": [
            "article-513",
            "article-3047"
        ]
    },
    {
        "id": "order-333",
        "positions": [
            "article-1561",
            "article-2460",
            "article-2098"
        ]
    },
    {
        "id": "order-334",
        "positions": [
            "article-3146",
            "article-2261"
        ]
    },
    {
        "id": "order-335",
        "positions": [
            "article-1733",
            "article-2270"
        ]
    },
    {
        "id": "order-336",
        "positions": [
            "article-664",
            "article-525"
        ]
    },
    {
        "id": "order-337",
        "positions": [
            "article-1905",
            "article-3332"
        ]
    },
    {
        "id": "order-338",
        "positions": [
            "article-3",
            "article-975"
        ]
    },
    {
        "id": "order-339",
        "positions": [
            "article-511",
            "article-1666"
        ]
    },
    {
        "id": "order-340",
        "positions": [
            "article-2250",
            "article-1757",
            "article-385",
            "article-152"
        ]
    },
    {
        "id": "order-341",
        "positions": [
            "article-2694",
            "article-3249"
        ]
    },
    {
        "id": "order-342",
        "positions": [
            "article-3034",
            "article-785"
        ]
    },
    {
        "id": "order-343",
        "positions": [
            "article-1318",
            "article-462",
            "article-857"
        ]
    },
    {
        "id": "order-344",
        "positions": [
            "article-347",
            "article-3137",
            "article-1745"
        ]
    },
    {
        "id": "order-345",
        "positions": [
            "article-1811",
            "article-743",
            "article-1081",
            "article-1254"
        ]
    },
    {
        "id": "order-346",
        "positions": [
            "article-2267",
            "article-2828",
            "article-2084"
        ]
    },
    {
        "id": "order-347",
        "positions": [
            "article-2142",
            "article-2729",
            "article-2345"
        ]
    },
    {
        "id": "order-348",
        "positions": [
            "article-3075",
            "article-1227",
            "article-2295"
        ]
    },
    {
        "id": "order-349",
        "positions": [
            "article-2897",
            "article-1426"
        ]
    },
    {
        "id": "order-350",
        "positions": [
            "article-2286",
            "article-3252",
            "article-392"
        ]
    },
    {
        "id": "order-351",
        "positions": [
            "article-1163",
            "article-2411",
            "article-666"
        ]
    },
    {
        "id": "order-352",
        "positions": [
            "article-799",
            "article-1457",
            "article-280"
        ]
    },
    {
        "id": "order-353",
        "positions": [
            "article-3256",
            "article-2156",
            "article-797"
        ]
    },
    {
        "id": "order-354",
        "positions": [
            "article-610",
            "article-3060",
            "article-666",
            "article-3219"
        ]
    },
    {
        "id": "order-355",
        "positions": [
            "article-2147",
            "article-1108",
            "article-665"
        ]
    },
    {
        "id": "order-356",
        "positions": [
            "article-172",
            "article-2601"
        ]
    },
    {
        "id": "order-357",
        "positions": [
            "article-2299",
            "article-2608",
            "article-2312"
        ]
    },
    {
        "id": "order-358",
        "positions": [
            "article-405",
            "article-1556"
        ]
    },
    {
        "id": "order-359",
        "positions": [
            "article-1850",
            "article-676",
            "article-2498"
        ]
    },
    {
        "id": "order-360",
        "positions": [
            "article-1705",
            "article-1497",
            "article-2166",
            "article-1416"
        ]
    },
    {
        "id": "order-361",
        "positions": [
            "article-92",
            "article-77"
        ]
    },
    {
        "id": "order-362",
        "positions": [
            "article-3",
            "article-553"
        ]
    },
    {
        "id": "order-363",
        "positions": [
            "article-1677",
            "article-1756"
        ]
    },
    {
        "id": "order-364",
        "positions": [
            "article-3309",
            "article-705"
        ]
    },
    {
        "id": "order-365",
        "positions": [
            "article-2982",
            "article-1097",
            "article-739",
            "article-1756",
            "article-1507",
            "article-163"
        ]
    },
    {
        "id": "order-366",
        "positions": [
            "article-2608",
            "article-213",
            "article-3130"
        ]
    },
    {
        "id": "order-367",
        "positions": [
            "article-1532",
            "article-2664",
            "article-875"
        ]
    },
    {
        "id": "order-368",
        "positions": [
            "article-141",
            "article-3306"
        ]
    },
    {
        "id": "order-369",
        "positions": [
            "article-1707",
            "article-805"
        ]
    },
    {
        "id": "order-370",
        "positions": [
            "article-1702",
            "article-1915"
        ]
    },
    {
        "id": "order-371",
        "positions": [
            "article-2543",
            "article-2839",
            "article-1224"
        ]
    },
    {
        "id": "order-372",
        "positions": [
            "article-1008",
            "article-1192",
            "article-907",
            "article-1857"
        ]
    },
    {
        "id": "order-373",
        "positions": [
            "article-2442",
            "article-2164"
        ]
    },
    {
        "id": "order-374",
        "positions": [
            "article-2046",
            "article-1473"
        ]
    },
    {
        "id": "order-375",
        "positions": [
            "article-1680",
            "article-3246"
        ]
    },
    {
        "id": "order-376",
        "positions": [
            "article-95",
            "article-2281",
            "article-1745",
            "article-1031"
        ]
    },
    {
        "id": "order-377",
        "positions": [
            "article-2426",
            "article-2331"
        ]
    },
    {
        "id": "order-378",
        "positions": [
            "article-2242",
            "article-84"
        ]
    },
    {
        "id": "order-379",
        "positions": [
            "article-187",
            "article-2578",
            "article-2495"
        ]
    },
    {
        "id": "order-380",
        "positions": [
            "article-1318",
            "article-2323",
            "article-2815"
        ]
    },
    {
        "id": "order-381",
        "positions": [
            "article-2030",
            "article-2316"
        ]
    },
    {
        "id": "order-382",
        "positions": [
            "article-2753",
            "article-865",
            "article-2668",
            "article-29"
        ]
    },
    {
        "id": "order-383",
        "positions": [
            "article-623",
            "article-684"
        ]
    },
    {
        "id": "order-384",
        "positions": [
            "article-2886",
            "article-1835"
        ]
    },
    {
        "id": "order-385",
        "positions": [
            "article-2469",
            "article-1506",
            "article-780"
        ]
    },
    {
        "id": "order-386",
        "positions": [
            "article-952",
            "article-2947"
        ]
    },
    {
        "id": "order-387",
        "positions": [
            "article-1153",
            "article-326",
            "article-1034",
            "article-2822",
            "article-528"
        ]
    },
    {
        "id": "order-388",
        "positions": [
            "article-3248",
            "article-2723",
            "article-1056",
            "article-1993"
        ]
    },
    {
        "id": "order-389",
        "positions": [
            "article-1112",
            "article-1572"
        ]
    },
    {
        "id": "order-390",
        "positions": [
            "article-1244",
            "article-2872"
        ]
    },
    {
        "id": "order-391",
        "positions": [
            "article-1753",
            "article-771"
        ]
    },
    {
        "id": "order-392",
        "positions": [
            "article-35",
            "article-3205"
        ]
    },
    {
        "id": "order-393",
        "positions": [
            "article-3228",
            "article-2783",
            "article-2345"
        ]
    },
    {
        "id": "order-394",
        "positions": [
            "article-3321",
            "article-171",
            "article-2726"
        ]
    },
    {
        "id": "order-395",
        "positions": [
            "article-3288",
            "article-861",
            "article-2036"
        ]
    },
    {
        "id": "order-396",
        "positions": [
            "article-2161",
            "article-1150"
        ]
    },
    {
        "id": "order-397",
        "positions": [
            "article-27",
            "article-2190",
            "article-3043"
        ]
    },
    {
        "id": "order-398",
        "positions": [
            "article-1269",
            "article-2544",
            "article-281"
        ]
    },
    {
        "id": "order-399",
        "positions": [
            "article-3001",
            "article-2837",
            "article-2453",
            "article-2039"
        ]
    },
    {
        "id": "order-400",
        "positions": [
            "article-2907",
            "article-2248"
        ]
    },
    {
        "id": "order-401",
        "positions": [
            "article-1789",
            "article-3072"
        ]
    },
    {
        "id": "order-402",
        "positions": [
            "article-3079",
            "article-2996",
            "article-1705"
        ]
    },
    {
        "id": "order-403",
        "positions": [
            "article-1023",
            "article-2422"
        ]
    },
    {
        "id": "order-404",
        "positions": [
            "article-2376",
            "article-898"
        ]
    },
    {
        "id": "order-405",
        "positions": [
            "article-1640",
            "article-3240",
            "article-889",
            "article-1368"
        ]
    },
    {
        "id": "order-406",
        "positions": [
            "article-2191",
            "article-1472"
        ]
    },
    {
        "id": "order-407",
        "positions": [
            "article-135",
            "article-2575",
            "article-2878"
        ]
    },
    {
        "id": "order-408",
        "positions": [
            "article-135",
            "article-3064",
            "article-2483"
        ]
    },
    {
        "id": "order-409",
        "positions": [
            "article-2783",
            "article-2573",
            "article-433",
            "article-3292"
        ]
    },
    {
        "id": "order-410",
        "positions": [
            "article-2039",
            "article-1424",
            "article-1655",
            "article-2102",
            "article-668"
        ]
    },
    {
        "id": "order-411",
        "positions": [
            "article-915",
            "article-3331"
        ]
    },
    {
        "id": "order-412",
        "positions": [
            "article-377",
            "article-39",
            "article-647",
            "article-3217"
        ]
    },
    {
        "id": "order-413",
        "positions": [
            "article-2326",
            "article-2065"
        ]
    },
    {
        "id": "order-414",
        "positions": [
            "article-3233",
            "article-1626"
        ]
    },
    {
        "id": "order-415",
        "positions": [
            "article-696",
            "article-2522",
            "article-1253"
        ]
    },
    {
        "id": "order-416",
        "positions": [
            "article-1475",
            "article-2872"
        ]
    },
    {
        "id": "order-417",
        "positions": [
            "article-270",
            "article-3051"
        ]
    },
    {
        "id": "order-418",
        "positions": [
            "article-470",
            "article-1007",
            "article-1784",
            "article-1434"
        ]
    },
    {
        "id": "order-419",
        "positions": [
            "article-2043",
            "article-1155",
            "article-3096"
        ]
    },
    {
        "id": "order-420",
        "positions": [
            "article-894",
            "article-1209"
        ]
    },
    {
        "id": "order-421",
        "positions": [
            "article-2701",
            "article-1815"
        ]
    },
    {
        "id": "order-422",
        "positions": [
            "article-1123",
            "article-1460",
            "article-51"
        ]
    },
    {
        "id": "order-423",
        "positions": [
            "article-2330",
            "article-1769",
            "article-3100"
        ]
    },
    {
        "id": "order-424",
        "positions": [
            "article-1903",
            "article-3041"
        ]
    },
    {
        "id": "order-425",
        "positions": [
            "article-456",
            "article-2289"
        ]
    },
    {
        "id": "order-426",
        "positions": [
            "article-1713",
            "article-1511"
        ]
    },
    {
        "id": "order-427",
        "positions": [
            "article-148",
            "article-1323",
            "article-1638",
            "article-1735",
            "article-1001"
        ]
    },
    {
        "id": "order-428",
        "positions": [
            "article-1361",
            "article-1788"
        ]
    },
    {
        "id": "order-429",
        "positions": [
            "article-107",
            "article-2899",
            "article-2881"
        ]
    },
    {
        "id": "order-430",
        "positions": [
            "article-3040",
            "article-1647"
        ]
    },
    {
        "id": "order-431",
        "positions": [
            "article-1213",
            "article-1360",
            "article-986"
        ]
    },
    {
        "id": "order-432",
        "positions": [
            "article-2184",
            "article-1884",
            "article-2316",
            "article-383"
        ]
    },
    {
        "id": "order-433",
        "positions": [
            "article-237",
            "article-2828",
            "article-191"
        ]
    },
    {
        "id": "order-434",
        "positions": [
            "article-2795",
            "article-1736",
            "article-2780"
        ]
    },
    {
        "id": "order-435",
        "positions": [
            "article-1785",
            "article-3219",
            "article-1628",
            "article-658",
            "article-1355"
        ]
    },
    {
        "id": "order-436",
        "positions": [
            "article-2777",
            "article-3151"
        ]
    },
    {
        "id": "order-437",
        "positions": [
            "article-1342",
            "article-439"
        ]
    },
    {
        "id": "order-438",
        "positions": [
            "article-2874",
            "article-330",
            "article-1646"
        ]
    },
    {
        "id": "order-439",
        "positions": [
            "article-2114",
            "article-916"
        ]
    },
    {
        "id": "order-440",
        "positions": [
            "article-495",
            "article-1079"
        ]
    },
    {
        "id": "order-441",
        "positions": [
            "article-1193",
            "article-3148"
        ]
    },
    {
        "id": "order-442",
        "positions": [
            "article-388",
            "article-3092",
            "article-1467"
        ]
    },
    {
        "id": "order-443",
        "positions": [
            "article-1441",
            "article-2306"
        ]
    },
    {
        "id": "order-444",
        "positions": [
            "article-2232",
            "article-2683",
            "article-1094",
            "article-1892"
        ]
    },
    {
        "id": "order-445",
        "positions": [
            "article-2163",
            "article-2255",
            "article-440",
            "article-455"
        ]
    },
    {
        "id": "order-446",
        "positions": [
            "article-286",
            "article-1452"
        ]
    },
    {
        "id": "order-447",
        "positions": [
            "article-1129",
            "article-1876",
            "article-1114"
        ]
    },
    {
        "id": "order-448",
        "positions": [
            "article-1133",
            "article-2204"
        ]
    },
    {
        "id": "order-449",
        "positions": [
            "article-2207",
            "article-288",
            "article-196",
            "article-1890"
        ]
    },
    {
        "id": "order-450",
        "positions": [
            "article-1336",
            "article-2416"
        ]
    },
    {
        "id": "order-451",
        "positions": [
            "article-1182",
            "article-257",
            "article-3102",
            "article-2619"
        ]
    },
    {
        "id": "order-452",
        "positions": [
            "article-1928",
            "article-2786",
            "article-1218"
        ]
    },
    {
        "id": "order-453",
        "positions": [
            "article-640",
            "article-1769",
            "article-1103"
        ]
    },
    {
        "id": "order-454",
        "positions": [
            "article-281",
            "article-2796",
            "article-3158",
            "article-372"
        ]
    },
    {
        "id": "order-455",
        "positions": [
            "article-2883",
            "article-2246",
            "article-426"
        ]
    },
    {
        "id": "order-456",
        "positions": [
            "article-3122",
            "article-385"
        ]
    },
    {
        "id": "order-457",
        "positions": [
            "article-1850",
            "article-3113",
            "article-1426",
            "article-2269",
            "article-31"
        ]
    },
    {
        "id": "order-458",
        "positions": [
            "article-3173",
            "article-573",
            "article-1683"
        ]
    },
    {
        "id": "order-459",
        "positions": [
            "article-2012",
            "article-710"
        ]
    },
    {
        "id": "order-460",
        "positions": [
            "article-1490",
            "article-1288"
        ]
    },
    {
        "id": "order-461",
        "positions": [
            "article-1503",
            "article-2558"
        ]
    },
    {
        "id": "order-462",
        "positions": [
            "article-1228",
            "article-2470",
            "article-2812"
        ]
    },
    {
        "id": "order-463",
        "positions": [
            "article-555",
            "article-2457",
            "article-1760",
            "article-2117"
        ]
    },
    {
        "id": "order-464",
        "positions": [
            "article-2832",
            "article-3017"
        ]
    },
    {
        "id": "order-465",
        "positions": [
            "article-1889",
            "article-2605"
        ]
    },
    {
        "id": "order-466",
        "positions": [
            "article-1661",
            "article-1804"
        ]
    },
    {
        "id": "order-467",
        "positions": [
            "article-2976",
            "article-2156"
        ]
    },
    {
        "id": "order-468",
        "positions": [
            "article-680",
            "article-947",
            "article-3050"
        ]
    },
    {
        "id": "order-469",
        "positions": [
            "article-2039",
            "article-655"
        ]
    },
    {
        "id": "order-470",
        "positions": [
            "article-836",
            "article-416",
            "article-770",
            "article-2835"
        ]
    },
    {
        "id": "order-471",
        "positions": [
            "article-354",
            "article-483",
            "article-1304",
            "article-2023"
        ]
    },
    {
        "id": "order-472",
        "positions": [
            "article-990",
            "article-2436"
        ]
    },
    {
        "id": "order-473",
        "positions": [
            "article-1105",
            "article-2032"
        ]
    },
    {
        "id": "order-474",
        "positions": [
            "article-3104",
            "article-540"
        ]
    },
    {
        "id": "order-475",
        "positions": [
            "article-1212",
            "article-1579",
            "article-2370"
        ]
    },
    {
        "id": "order-476",
        "positions": [
            "article-2365",
            "article-229"
        ]
    },
    {
        "id": "order-477",
        "positions": [
            "article-819",
            "article-627"
        ]
    },
    {
        "id": "order-478",
        "positions": [
            "article-847",
            "article-1628",
            "article-1904"
        ]
    },
    {
        "id": "order-479",
        "positions": [
            "article-2959",
            "article-1103"
        ]
    },
    {
        "id": "order-480",
        "positions": [
            "article-2358",
            "article-2059"
        ]
    },
    {
        "id": "order-481",
        "positions": [
            "article-2733",
            "article-1429"
        ]
    },
    {
        "id": "order-482",
        "positions": [
            "article-2068",
            "article-1792",
            "article-533"
        ]
    },
    {
        "id": "order-483",
        "positions": [
            "article-2707",
            "article-64"
        ]
    },
    {
        "id": "order-484",
        "positions": [
            "article-1038",
            "article-1030"
        ]
    },
    {
        "id": "order-485",
        "positions": [
            "article-419",
            "article-1552"
        ]
    },
    {
        "id": "order-486",
        "positions": [
            "article-2022",
            "article-656"
        ]
    },
    {
        "id": "order-487",
        "positions": [
            "article-2142",
            "article-819"
        ]
    },
    {
        "id": "order-488",
        "positions": [
            "article-2705",
            "article-2342",
            "article-101"
        ]
    },
    {
        "id": "order-489",
        "positions": [
            "article-1818",
            "article-193",
            "article-1785",
            "article-1861"
        ]
    },
    {
        "id": "order-490",
        "positions": [
            "article-1479",
            "article-3303"
        ]
    },
    {
        "id": "order-491",
        "positions": [
            "article-3034",
            "article-1396"
        ]
    },
    {
        "id": "order-492",
        "positions": [
            "article-434",
            "article-1022"
        ]
    },
    {
        "id": "order-493",
        "positions": [
            "article-3133",
            "article-2725",
            "article-349"
        ]
    },
    {
        "id": "order-494",
        "positions": [
            "article-2024",
            "article-1527",
            "article-708",
            "article-1365",
            "article-3049",
            "article-1321"
        ]
    },
    {
        "id": "order-495",
        "positions": [
            "article-1090",
            "article-2330",
            "article-127"
        ]
    },
    {
        "id": "order-496",
        "positions": [
            "article-1731",
            "article-573",
            "article-2043"
        ]
    },
    {
        "id": "order-497",
        "positions": [
            "article-409",
            "article-1245"
        ]
    },
    {
        "id": "order-498",
        "positions": [
            "article-630",
            "article-2151"
        ]
    },
    {
        "id": "order-499",
        "positions": [
            "article-543",
            "article-1094"
        ]
    }
]