[
    {
        "id": "order-0",
        "positions": [
            "article-1656",
            "article-1365",
            "article-171"
        ]
    },
    {
        "id": "order-1",
        "positions": [
            "article-3177",
            "article-1439",
            "article-3034"
        ]
    },
    {
        "id": "order-2",
        "positions": [
            "article-1717",
            "article-2554"
        ]
    },
    {
        "id": "order-3",
        "positions": [
            "article-1373",
            "article-170",
            "article-282"
        ]
    },
    {
        "id": "order-4",
        "positions": [
            "article-131",
            "article-2963"
        ]
    },
    {
        "id": "order-5",
        "positions": [
            "article-1060",
            "article-2220",
            "article-2640"
        ]
    },
    {
        "id": "order-6",
        "positions": [
            "article-1831",
            "article-1273",
            "article-2550"
        ]
    },
    {
        "id": "order-7",
        "positions": [
            "article-208",
            "article-1534"
        ]
    },
    {
        "id": "order-8",
        "positions": [
            "article-2900",
            "article-3268"
        ]
    },
    {
        "id": "order-9",
        "positions": [
            "article-1352",
            "article-2075",
            "article-2213"
        ]
    },
    {
        "id": "order-10",
        "positions": [
            "article-2018",
            "article-3283"
        ]
    },
    {
        "id": "order-11",
        "positions": [
            "article-1679",
            "article-1286",
            "article-3287"
        ]
    },
    {
        "id": "order-12",
        "positions": [
            "article-2397",
            "article-926"
        ]
    },
    {
        "id": "order-13",
        "positions": [
            "article-2167",
            "article-459",
            "article-989"
        ]
    },
    {
        "id": "order-14",
        "positions": [
            "article-1137",
            "article-1669",
            "article-800",
            "article-1930"
        ]
    },
    {
        "id": "order-15",
        "positions": [
            "article-1528",
            "article-1960"
        ]
    },
    {
        "id": "order-16",
        "positions": [
            "article-274",
            "article-2624"
        ]
    },
    {
        "id": "order-17",
        "positions": [
            "article-1320",
            "article-358"
        ]
    },
    {
        "id": "order-18",
        "positions": [
            "article-2381",
            "article-447"
        ]
    },
    {
        "id": "order-19",
        "positions": [
            "article-3331",
            "article-2269"
        ]
    },
    {
        "id": "order-20",
        "positions": [
            "article-934",
            "article-2443",
            "article-1251"
        ]
    },
    {
        "id": "order-21",
        "positions": [
            "article-1939",
            "article-1781"
        ]
    },
    {
        "id": "order-22",
        "positions": [
            "article-905",
            "article-433"
        ]
    },
    {
        "id": "order-23",
        "positions": [
            "article-495",
            "article-948",
            "article-2200"
        ]
    },
    {
        "id": "order-24",
        "positions": [
            "article-3198",
            "article-578"
        ]
    },
    {
        "id": "order-25",
        "positions": [
            "article-1056",
            "article-2104",
            "article-1045"
        ]
    },
    {
        "id": "order-26",
        "positions": [
            "article-1998",
            "article-2270",
            "article-1024"
        ]
    },
    {
        "id": "order-27",
        "positions": [
            "article-1770",
            "article-269"
        ]
    },
    {
        "id": "order-28",
        "positions": [
            "article-985",
            "article-328"
        ]
    },
    {
        "id": "order-29",
        "positions": [
            "article-1136",
            "article-2837"
        ]
    },
    {
        "id": "order-30",
        "positions": [
            "article-1352",
            "article-2441",
            "article-1124"
        ]
    },
    {
        "id": "order-31",
        "positions": [
            "article-536",
            "article-1319",
            "article-61",
            "article-72"
        ]
    },
    {
        "id": "order-32",
        "positions": [
            "article-960",
            "article-1783"
        ]
    },
    {
        "id": "order-33",
        "positions": [
            "article-1359",
            "article-946",
            "article-1577",
            "article-1730"
        ]
    },
    {
        "id": "order-34",
        "positions": [
            "article-3265",
            "article-1679"
        ]
    },
    {
        "id": "order-35",
        "positions": [
            "article-2729",
            "article-2706"
        ]
    },
    {
        "id": "order-36",
        "positions": [
            "article-1340",
            "article-1557"
        ]
    },
    {
        "id": "order-37",
        "positions": [
            "article-2713",
            "article-1703"
        ]
    },
    {
        "id": "order-38",
        "positions": [
            "article-3310",
            "article-2699"
        ]
    },
    {
        "id": "order-39",
        "positions": [
            "article-686",
            "article-1178",
            "article-1315"
        ]
    },
    {
        "id": "order-40",
        "positions": [
            "article-3070",
            "article-2055",
            "article-1069"
        ]
    },
    {
        "id": "order-41",
        "positions": [
            "article-778",
            "article-12"
        ]
    },
    {
        "id": "order-42",
        "positions": [
            "article-651",
            "article-1084"
        ]
    },
    {
        "id": "order-43",
        "positions": [
            "article-247",
            "article-2501"
        ]
    },
    {
        "id": "order-44",
        "positions": [
            "article-1994",
            "article-3199",
            "article-206"
        ]
    },
    {
        "id": "order-45",
        "positions": [
            "article-2077",
            "article-1944"
        ]
    },
    {
        "id": "order-46",
        "positions": [
            "article-1843",
            "article-1171"
        ]
    },
    {
        "id": "order-47",
        "positions": [
            "article-1593",
            "article-1876",
            "article-2375"
        ]
    },
    {
        "id": "order-48",
        "positions": [
            "article-982",
            "article-3095"
        ]
    },
    {
        "id": "order-49",
        "positions": [
            "article-287",
            "article-256"
        ]
    },
    {
        "id": "order-50",
        "positions": [
            "article-2043",
            "article-3207",
            "article-2061"
        ]
    },
    {
        "id": "order-51",
        "positions": [
            "article-3074",
            "article-2646"
        ]
    },
    {
        "id": "order-52",
        "positions": [
            "article-1242",
            "article-804"
        ]
    },
    {
        "id": "order-53",
        "positions": [
            "article-2341",
            "article-1644",
            "article-2723"
        ]
    },
    {
        "id": "order-54",
        "positions": [
            "article-73",
            "article-1557"
        ]
    },
    {
        "id": "order-55",
        "positions": [
            "article-594",
            "article-1622"
        ]
    },
    {
        "id": "order-56",
        "positions": [
            "article-623",
            "article-2099"
        ]
    },
    {
        "id": "order-57",
        "positions": [
            "article-3193",
            "article-1460"
        ]
    },
    {
        "id": "order-58",
        "positions": [
            "article-2292",
            "article-2707",
            "article-1621",
            "article-3038",
            "article-1985"
        ]
    },
    {
        "id": "order-59",
        "positions": [
            "article-210",
            "article-631"
        ]
    },
    {
        "id": "order-60",
        "positions": [
            "article-3052",
            "article-2981",
            "article-1580",
            "article-2134",
            "article-1047",
            "article-819"
        ]
    },
    {
        "id": "order-61",
        "positions": [
            "article-490",
            "article-1393",
            "article-2534"
        ]
    },
    {
        "id": "order-62",
        "positions": [
            "article-1691",
            "article-2184",
            "article-2293"
        ]
    },
    {
        "id": "order-63",
        "positions": [
            "article-1030",
            "article-3146",
            "article-798"
        ]
    },
    {
        "id": "order-64",
        "positions": [
            "article-8",
            "article-3289",
            "article-1905"
        ]
    },
    {
        "id": "order-65",
        "positions": [
            "article-1670",
            "article-2361"
        ]
    },
    {
        "id": "order-66",
        "positions": [
            "article-3160",
            "article-2120"
        ]
    },
    {
        "id": "order-67",
        "positions": [
            "article-1424",
            "article-2678"
        ]
    },
    {
        "id": "order-68",
        "positions": [
            "article-976",
            "article-909",
            "article-946"
        ]
    },
    {
        "id": "order-69",
        "positions": [
            "article-1415",
            "article-1504"
        ]
    },
    {
        "id": "order-70",
        "positions": [
            "article-502",
            "article-1897"
        ]
    },
    {
        "id": "order-71",
        "positions": [
            "article-660",
            "article-1833"
        ]
    },
    {
        "id": "order-72",
        "positions": [
            "article-577",
            "article-2727",
            "article-1970",
            "article-1745"
        ]
    },
    {
        "id": "order-73",
        "positions": [
            "article-1347",
            "article-2660",
            "article-1594"
        ]
    },
    {
        "id": "order-74",
        "positions": [
            "article-2586",
            "article-313",
            "article-2313"
        ]
    },
    {
        "id": "order-75",
        "positions": [
            "article-1938",
            "article-3092"
        ]
    },
    {
        "id": "order-76",
        "positions": [
            "article-2871",
            "article-923"
        ]
    },
    {
        "id": "order-77",
        "positions": [
            "article-1190",
            "article-2810",
            "article-2762"
        ]
    },
    {
        "id": "order-78",
        "positions": [
            "article-905",
            "article-2875"
        ]
    },
    {
        "id": "order-79",
        "positions": [
            "article-2729",
            "article-2520"
        ]
    },
    {
        "id": "order-80",
        "positions": [
            "article-849",
            "article-1035",
            "article-3052",
            "article-1193"
        ]
    },
    {
        "id": "order-81",
        "positions": [
            "article-3253",
            "article-534",
            "article-943",
            "article-2438"
        ]
    },
    {
        "id": "order-82",
        "positions": [
            "article-1456",
            "article-928"
        ]
    },
    {
        "id": "order-83",
        "positions": [
            "article-2733",
            "article-3191"
        ]
    },
    {
        "id": "order-84",
        "positions": [
            "article-2213",
            "article-2835"
        ]
    },
    {
        "id": "order-85",
        "positions": [
            "article-623",
            "article-2334"
        ]
    },
    {
        "id": "order-86",
        "positions": [
            "article-3328",
            "article-1877",
            "article-3232"
        ]
    },
    {
        "id": "order-87",
        "positions": [
            "article-3037",
            "article-3182"
        ]
    },
    {
        "id": "order-88",
        "positions": [
            "article-1084",
            "article-2863",
            "article-1712",
            "article-2310"
        ]
    },
    {
        "id": "order-89",
        "positions": [
            "article-1165",
            "article-89"
        ]
    },
    {
        "id": "order-90",
        "positions": [
            "article-2098",
            "article-311",
            "article-1173"
        ]
    },
    {
        "id": "order-91",
        "positions": [
            "article-2384",
            "article-2581"
        ]
    },
    {
        "id": "order-92",
        "positions": [
            "article-1026",
            "article-207"
        ]
    },
    {
        "id": "order-93",
        "positions": [
            "article-1894",
            "article-645"
        ]
    },
    {
        "id": "order-94",
        "positions": [
            "article-2286",
            "article-2231",
            "article-818",
            "article-707"
        ]
    },
    {
        "id": "order-95",
        "positions": [
            "article-444",
            "article-1341"
        ]
    },
    {
        "id": "order-96",
        "positions": [
            "article-267",
            "article-494"
        ]
    },
    {
        "id": "order-97",
        "positions": [
            "article-2161",
            "article-1157"
        ]
    },
    {
        "id": "order-98",
        "positions": [
            "article-2424",
            "article-1634"
        ]
    },
    {
        "id": "order-99",
        "positions": [
            "article-3038",
            "article-1749"
        ]
    },
    {
        "id": "order-100",
        "positions": [
            "article-2203",
            "article-2327"
        ]
    },
    {
        "id": "order-101",
        "positions": [
            "article-1779",
            "article-2560",
            "article-2672",
            "article-3183"
        ]
    },
    {
        "id": "order-102",
        "positions": [
            "article-2643",
            "article-949"
        ]
    },
    {
        "id": "order-103",
        "positions": [
            "article-758",
            "article-2263"
        ]
    },
    {
        "id": "order-104",
        "positions": [
            "article-2553",
            "article-3321"
        ]
    },
    {
        "id": "order-105",
        "positions": [
            "article-1982",
            "article-3142"
        ]
    },
    {
        "id": "order-106",
        "positions": [
            "article-2317",
            "article-1961",
            "article-1746",
            "article-3053"
        ]
    },
    {
        "id": "order-107",
        "positions": [
            "article-292",
            "article-835"
        ]
    },
    {
        "id": "order-108",
        "positions": [
            "article-2123",
            "article-707",
            "article-891"
        ]
    },
    {
        "id": "order-109",
        "positions": [
            "article-831",
            "article-796",
            "article-864"
        ]
    },
    {
        "id": "order-110",
        "positions": [
            "article-1162",
            "article-172"
        ]
    },
    {
        "id": "order-111",
        "positions": [
            "article-1727",
            "article-1165",
            "article-1430"
        ]
    },
    {
        "id": "order-112",
        "positions": [
            "article-851",
            "article-3221"
        ]
    },
    {
        "id": "order-113",
        "positions": [
            "article-1090",
            "article-2181"
        ]
    },
    {
        "id": "order-114",
        "positions": [
            "article-2108",
            "article-802"
        ]
    },
    {
        "id": "order-115",
        "positions": [
            "article-1242",
            "article-3179",
            "article-587"
        ]
    },
    {
        "id": "order-116",
        "positions": [
            "article-2252",
            "article-2870",
            "article-2293"
        ]
    },
    {
        "id": "order-117",
        "positions": [
            "article-1765",
            "article-3104"
        ]
    },
    {
        "id": "order-118",
        "positions": [
            "article-2758",
            "article-1328"
        ]
    },
    {
        "id": "order-119",
        "positions": [
            "article-2601",
            "article-2489"
        ]
    },
    {
        "id": "order-120",
        "positions": [
            "article-2862",
            "article-2572",
            "article-428"
        ]
    },
    {
        "id": "order-121",
        "positions": [
            "article-2798",
            "article-678"
        ]
    },
    {
        "id": "order-122",
        "positions": [
            "article-3181",
            "article-1538"
        ]
    },
    {
        "id": "order-123",
        "positions": [
            "article-921",
            "article-3114"
        ]
    },
    {
        "id": "order-124",
        "positions": [
            "article-1258",
            "article-575"
        ]
    },
    {
        "id": "order-125",
        "positions": [
            "article-805",
            "article-2476",
            "article-716"
        ]
    },
    {
        "id": "order-126",
        "positions": [
            "article-2576",
            "article-1587"
        ]
    },
    {
        "id": "order-127",
        "positions": [
            "article-1774",
            "article-42",
            "article-195"
        ]
    },
    {
        "id": "order-128",
        "positions": [
            "article-2561",
            "article-2219"
        ]
    },
    {
        "id": "order-129",
        "positions": [
            "article-3152",
            "article-107"
        ]
    },
    {
        "id": "order-130",
        "positions": [
            "article-418",
            "article-2904"
        ]
    },
    {
        "id": "order-131",
        "positions": [
            "article-3149",
            "article-1663"
        ]
    },
    {
        "id": "order-132",
        "positions": [
            "article-278",
            "article-576"
        ]
    },
    {
        "id": "order-133",
        "positions": [
            "article-2623",
            "article-1421"
        ]
    },
    {
        "id": "order-134",
        "positions": [
            "article-3129",
            "article-1784"
        ]
    },
    {
        "id": "order-135",
        "positions": [
            "article-943",
            "article-1929",
            "article-902"
        ]
    },
    {
        "id": "order-136",
        "positions": [
            "article-238",
            "article-968"
        ]
    },
    {
        "id": "order-137",
        "positions": [
            "article-455",
            "article-2205",
            "article-3226",
            "article-1263",
            "article-331"
        ]
    },
    {
        "id": "order-138",
        "positions": [
            "article-2413",
            "article-1841",
            "article-2896",
            "article-448"
        ]
    },
    {
        "id": "order-139",
        "positions": [
            "article-680",
            "article-2200",
            "article-2517"
        ]
    },
    {
        "id": "order-140",
        "positions": [
            "article-1987",
            "article-1668",
            "article-1249"
        ]
    },
    {
        "id": "order-141",
        "positions": [
            "article-1186",
            "article-3182"
        ]
    },
    {
        "id": "order-142",
        "positions": [
            "article-1618",
            "article-2277"
        ]
    },
    {
        "id": "order-143",
        "positions": [
            "article-986",
            "article-2149"
        ]
    },
    {
        "id": "order-144",
        "positions": [
            "article-1416",
            "article-103",
            "article-1284"
        ]
    },
    {
        "id": "order-145",
        "positions": [
            "article-2926",
            "article-2591"
        ]
    },
    {
        "id": "order-146",
        "positions": [
            "article-1887",
            "article-56"
        ]
    },
    {
        "id": "order-147",
        "positions": [
            "article-3030",
            "article-462"
        ]
    },
    {
        "id": "order-148",
        "positions": [
            "article-636",
            "article-3324"
        ]
    },
    {
        "id": "order-149",
        "positions": [
            "article-1083",
            "article-2393"
        ]
    },
    {
        "id": "order-150",
        "positions": [
            "article-1423",
            "article-301"
        ]
    },
    {
        "id": "order-151",
        "positions": [
            "article-329",
            "article-2005"
        ]
    },
    {
        "id": "order-152",
        "positions": [
            "article-1565",
            "article-2505"
        ]
    },
    {
        "id": "order-153",
        "positions": [
            "article-1135",
            "article-1490"
        ]
    },
    {
        "id": "order-154",
        "positions": [
            "article-3136",
            "article-2043"
        ]
    },
    {
        "id": "order-155",
        "positions": [
            "article-2930",
            "article-2552",
            "article-547",
            "article-1927"
        ]
    },
    {
        "id": "order-156",
        "positions": [
            "article-1273",
            "article-1318",
            "article-2808",
            "article-1832",
            "article-2406",
            "article-2142"
        ]
    },
    {
        "id": "order-157",
        "positions": [
            "article-523",
            "article-1815"
        ]
    },
    {
        "id": "order-158",
        "positions": [
            "article-2924",
            "article-1252"
        ]
    },
    {
        "id": "order-159",
        "positions": [
            "article-2255",
            "article-2048"
        ]
    },
    {
        "id": "order-160",
        "positions": [
            "article-2821",
            "article-2678"
        ]
    },
    {
        "id": "order-161",
        "positions": [
            "article-1078",
            "article-2843",
            "article-3017"
        ]
    },
    {
        "id": "order-162",
        "positions": [
            "article-2645",
            "article-2994"
        ]
    },
    {
        "id": "order-163",
        "positions": [
            "article-642",
            "article-316"
        ]
    },
    {
        "id": "order-164",
        "positions": [
            "article-3160",
            "article-1113",
            "article-13"
        ]
    },
    {
        "id": "order-165",
        "positions": [
            "article-2337",
            "article-420"
        ]
    },
    {
        "id": "order-166",
        "positions": [
            "article-351",
            "article-210"
        ]
    },
    {
        "id": "order-167",
        "positions": [
            "article-2751",
            "article-2849"
        ]
    },
    {
        "id": "order-168",
        "positions": [
            "article-2355",
            "article-1474",
            "article-1929"
        ]
    },
    {
        "id": "order-169",
        "positions": [
            "article-2888",
            "article-2367",
            "article-1146"
        ]
    },
    {
        "id": "order-170",
        "positions": [
            "article-747",
            "article-183"
        ]
    },
    {
        "id": "order-171",
        "positions": [
            "article-3022",
            "article-203"
        ]
    },
    {
        "id": "order-172",
        "positions": [
            "article-1717",
            "article-911"
        ]
    },
    {
        "id": "order-173",
        "positions": [
            "article-2502",
            "article-2175"
        ]
    },
    {
        "id": "order-174",
        "positions": [
            "article-2121",
            "article-1269"
        ]
    },
    {
        "id": "order-175",
        "positions": [
            "article-2565",
            "article-2112"
        ]
    },
    {
        "id": "order-176",
        "positions": [
            "article-2861",
            "article-665"
        ]
    },
    {
        "id": "order-177",
        "positions": [
            "article-44",
            "article-3017",
            "article-3076",
            "article-1029"
        ]
    },
    {
        "id": "order-178",
        "positions": [
            "article-1936",
            "article-2242",
            "article-882",
            "article-1754",
            "article-2619",
            "article-1702"
        ]
    },
    {
        "id": "order-179",
        "positions": [
            "article-1080",
            "article-269",
            "article-1172"
        ]
    },
    {
        "id": "order-180",
        "positions": [
            "article-899",
            "article-3055",
            "article-2539",
            "article-796"
        ]
    },
    {
        "id": "order-181",
        "positions": [
            "article-1546",
            "article-2091",
            "article-3020",
            "article-2809"
        ]
    },
    {
        "id": "order-182",
        "positions": [
            "article-759",
            "article-1091"
        ]
    },
    {
        "id": "order-183",
        "positions": [
            "article-1286",
            "article-2427",
            "article-1669"
        ]
    },
    {
        "id": "order-184",
        "positions": [
            "article-3178",
            "article-286"
        ]
    },
    {
        "id": "order-185",
        "positions": [
            "article-1000",
            "article-995"
        ]
    },
    {
        "id": "order-186",
        "positions": [
            "article-3123",
            "article-2980"
        ]
    },
    {
        "id": "order-187",
        "positions": [
            "article-2907",
            "article-224"
        ]
    },
    {
        "id": "order-188",
        "positions": [
            "article-653",
            "article-519",
            "article-1571"
        ]
    },
    {
        "id": "order-189",
        "positions": [
            "article-1808",
            "article-1785"
        ]
    },
    {
        "id": "order-190",
        "positions": [
            "article-3165",
            "article-1610",
            "article-528",
            "article-2858"
        ]
    },
    {
        "id": "order-191",
        "positions": [
            "article-1147",
            "article-1111"
        ]
    },
    {
        "id": "order-192",
        "positions": [
            "article-996",
            "article-404"
        ]
    },
    {
        "id": "order-193",
        "positions": [
            "article-2701",
            "article-637",
            "article-2970"
        ]
    },
    {
        "id": "order-194",
        "positions": [
            "article-2306",
            "article-2210"
        ]
    },
    {
        "id": "order-195",
        "positions": [
            "article-1682",
            "article-2805"
        ]
    },
    {
        "id": "order-196",
        "positions": [
            "article-1932",
            "article-1109"
        ]
    },
    {
        "id": "order-197",
        "positions": [
            "article-1290",
            "article-1178"
        ]
    },
    {
        "id": "order-198",
        "positions": [
            "article-1455",
            "article-588",
            "article-2159",
            "article-1286"
        ]
    },
    {
        "id": "order-199",
        "positions": [
            "article-3252",
            "article-1592"
        ]
    },
    {
        "id": "order-200",
        "positions": [
            "article-2976",
            "article-2154"
        ]
    },
    {
        "id": "order-201",
        "positions": [
            "article-166",
            "article-2543"
        ]
    },
    {
        "id": "order-202",
        "positions": [
            "article-2935",
            "article-1863"
        ]
    },
    {
        "id": "order-203",
        "positions": [
            "article-1716",
            "article-2600"
        ]
    },
    {
        "id": "order-204",
        "positions": [
            "article-1898",
            "article-1060"
        ]
    },
    {
        "id": "order-205",
        "positions": [
            "article-1396",
            "article-1187"
        ]
    },
    {
        "id": "order-206",
        "positions": [
            "article-1667",
            "article-2200",
            "article-2243"
        ]
    },
    {
        "id": "order-207",
        "positions": [
            "article-3135",
            "article-2993",
            "article-2463"
        ]
    },
    {
        "id": "order-208",
        "positions": [
            "article-297",
            "article-2008",
            "article-70"
        ]
    },
    {
        "id": "order-209",
        "positions": [
            "article-1210",
            "article-1281"
        ]
    },
    {
        "id": "order-210",
        "positions": [
            "article-1303",
            "article-1854"
        ]
    },
    {
        "id": "order-211",
        "positions": [
            "article-2050",
            "article-1880",
            "article-1139"
        ]
    },
    {
        "id": "order-212",
        "positions": [
            "article-47",
            "article-1988"
        ]
    },
    {
        "id": "order-213",
        "positions": [
            "article-2431",
            "article-1181"
        ]
    },
    {
        "id": "order-214",
        "positions": [
            "article-2318",
            "article-1659"
        ]
    },
    {
        "id": "order-215",
        "positions": [
            "article-444",
            "article-3293",
            "article-3140",
            "article-727"
        ]
    },
    {
        "id": "order-216",
        "positions": [
            "article-1923",
            "article-412",
            "article-907"
        ]
    },
    {
        "id": "order-217",
        "positions": [
            "article-1122",
            "article-1084"
        ]
    },
    {
        "id": "order-218",
        "positions": [
            "article-127",
            "article-467",
            "article-2472"
        ]
    },
    {
        "id": "order-219",
        "positions": [
            "article-2153",
            "article-2033",
            "article-1847"
        ]
    },
    {
        "id": "order-220",
        "positions": [
            "article-2222",
            "article-577",
            "article-1602",
            "article-1679"
        ]
    },
    {
        "id": "order-221",
        "positions": [
            "article-2753",
            "article-859",
            "article-456",
            "article-1861",
            "article-309",
            "article-466"
        ]
    },
    {
        "id": "order-222",
        "positions": [
            "article-292",
            "article-1215"
        ]
    },
    {
        "id": "order-223",
        "positions": [
            "article-782",
            "article-2917"
        ]
    },
    {
        "id": "order-224",
        "positions": [
            "article-1917",
            "article-3257",
            "article-1042",
            "article-2007",
            "article-3200"
        ]
    },
    {
        "id": "order-225",
        "positions": [
            "article-2065",
            "article-2432",
            "article-1905"
        ]
    },
    {
        "id": "order-226",
        "positions": [
            "article-245",
            "article-3243",
            "article-716"
        ]
    },
    {
        "id": "order-227",
        "positions": [
            "article-2414",
            "article-2074"
        ]
    },
    {
        "id": "order-228",
        "positions": [
            "article-2154",
            "article-2321"
        ]
    },
    {
        "id": "order-229",
        "positions": [
            "article-1642",
            "article-493"
        ]
    },
    {
        "id": "order-230",
        "positions": [
            "article-1468",
            "article-342",
            "article-3002"
        ]
    },
    {
        "id": "order-231",
        "positions": [
            "article-129",
            "article-1444",
            "article-708",
            "article-2066"
        ]
    },
    {
        "id": "order-232",
        "positions": [
            "article-2288",
            "article-3182"
        ]
    },
    {
        "id": "order-233",
        "positions": [
            "article-2318",
            "article-463"
        ]
    },
    {
        "id": "order-234",
        "positions": [
            "article-689",
            "article-1818",
            "article-1996"
        ]
    },
    {
        "id": "order-235",
        "positions": [
            "article-2650",
            "article-2604"
        ]
    },
    {
        "id": "order-236",
        "positions": [
            "article-2451",
            "article-1912",
            "article-2405",
            "article-2612"
        ]
    },
    {
        "id": "order-237",
        "positions": [
            "article-155",
            "article-1876",
            "article-652"
        ]
    },
    {
        "id": "order-238",
        "positions": [
            "article-616",
            "article-2816",
            "article-1935"
        ]
    },
    {
        "id": "order-239",
        "positions": [
            "article-1265",
            "article-1515"
        ]
    },
    {
        "id": "order-240",
        "positions": [
            "article-2908",
            "article-453"
        ]
    },
    {
        "id": "order-241",
        "positions": [
            "article-1460",
            "article-1970"
        ]
    },
    {
        "id": "order-242",
        "positions": [
            "article-530",
            "article-170",
            "article-1784"
        ]
    },
    {
        "id": "order-243",
        "positions": [
            "article-574",
            "article-2199",
            "article-2636",
            "article-1471"
        ]
    },
    {
        "id": "order-244",
        "positions": [
            "article-570",
            "article-2145",
            "article-230"
        ]
    },
    {
        "id": "order-245",
        "positions": [
            "article-1953",
            "article-2658",
            "article-2442",
            "article-1324"
        ]
    },
    {
        "id": "order-246",
        "positions": [
            "article-658",
            "article-633"
        ]
    },
    {
        "id": "order-247",
        "positions": [
            "article-1337",
            "article-158",
            "article-3325"
        ]
    },
    {
        "id": "order-248",
        "positions": [
            "article-3090",
            "article-3228"
        ]
    },
    {
        "id": "order-249",
        "positions": [
            "article-1552",
            "article-51",
            "article-1958",
            "article-2859"
        ]
    },
    {
        "id": "order-250",
        "positions": [
            "article-749",
            "article-2582",
            "article-747",
            "article-2410"
        ]
    },
    {
        "id": "order-251",
        "positions": [
            "article-1675",
            "article-2805"
        ]
    },
    {
        "id": "order-252",
        "positions": [
            "article-1612",
            "article-2786",
            "article-1330",
            "article-733"
        ]
    },
    {
        "id": "order-253",
        "positions": [
            "article-2865",
            "article-1205"
        ]
    },
    {
        "id": "order-254",
        "positions": [
            "article-1863",
            "article-54",
            "article-2340"
        ]
    },
    {
        "id": "order-255",
        "positions": [
            "article-2097",
            "article-232",
            "article-2466"
        ]
    },
    {
        "id": "order-256",
        "positions": [
            "article-714",
            "article-70"
        ]
    },
    {
        "id": "order-257",
        "positions": [
            "article-1370",
            "article-3029"
        ]
    },
    {
        "id": "order-258",
        "positions": [
            "article-347",
            "article-2897"
        ]
    },
    {
        "id": "order-259",
        "positions": [
            "article-3232",
            "article-2548"
        ]
    },
    {
        "id": "order-260",
        "positions": [
            "article-21",
            "article-605"
        ]
    },
    {
        "id": "order-261",
        "positions": [
            "article-2337",
            "article-2280"
        ]
    },
    {
        "id": "order-262",
        "positions": [
            "article-961",
            "article-735"
        ]
    },
    {
        "id": "order-263",
        "positions": [
            "article-1289",
            "article-2659"
        ]
    },
    {
        "id": "order-264",
        "positions": [
            "article-2415",
            "article-199"
        ]
    },
    {
        "id": "order-265",
        "positions": [
            "article-237",
            "article-3314"
        ]
    },
    {
        "id": "order-266",
        "positions": [
            "article-2332",
            "article-2545",
            "article-810"
        ]
    },
    {
        "id": "order-267",
        "positions": [
            "article-143",
            "article-562"
        ]
    },
    {
        "id": "order-268",
        "positions": [
            "article-77",
            "article-710"
        ]
    },
    {
        "id": "order-269",
        "positions": [
            "article-259",
            "article-92"
        ]
    },
    {
        "id": "order-270",
        "positions": [
            "article-118",
            "article-969"
        ]
    },
    {
        "id": "order-271",
        "positions": [
            "article-2858",
            "article-248",
            "article-2176",
            "article-3082"
        ]
    },
    {
        "id": "order-272",
        "positions": [
            "article-1315",
            "article-3069",
            "article-2420",
            "article-1289",
            "article-1075",
            "article-1557"
        ]
    },
    {
        "id": "order-273",
        "positions": [
            "article-124",
            "article-599"
        ]
    },
    {
        "id": "order-274",
        "positions": [
            "article-1581",
            "article-3213",
            "article-2758"
        ]
    },
    {
        "id": "order-275",
        "positions": [
            "article-1034",
            "article-3150",
            "article-2136",
            "article-705",
            "article-2200",
            "article-1265"
        ]
    },
    {
        "id": "order-276",
        "positions": [
            "article-157",
            "article-524"
        ]
    },
    {
        "id": "order-277",
        "positions": [
            "article-2001",
            "article-1906",
            "article-2661",
            "article-2291"
        ]
    },
    {
        "id": "order-278",
        "positions": [
            "article-1752",
            "article-3331"
        ]
    },
    {
        "id": "order-279",
        "positions": [
            "article-2823",
            "article-2182"
        ]
    },
    {
        "id": "order-280",
        "positions": [
            "article-3163",
            "article-419"
        ]
    },
    {
        "id": "order-281",
        "positions": [
            "article-220",
            "article-2286"
        ]
    },
    {
        "id": "order-282",
        "positions": [
            "article-2857",
            "article-1159"
        ]
    },
    {
        "id": "order-283",
        "positions": [
            "article-1991",
            "article-1989"
        ]
    },
    {
        "id": "order-284",
        "positions": [
            "article-1277",
            "article-1148"
        ]
    },
    {
        "id": "order-285",
        "positions": [
            "article-333",
            "article-2721"
        ]
    },
    {
        "id": "order-286",
        "positions": [
            "article-1337",
            "article-277",
            "article-3090"
        ]
    },
    {
        "id": "order-287",
        "positions": [
            "article-2582",
            "article-3242"
        ]
    },
    {
        "id": "order-288",
        "positions": [
            "article-678",
            "article-929"
        ]
    },
    {
        "id": "order-289",
        "positions": [
            "article-12",
            "article-452"
        ]
    },
    {
        "id": "order-290",
        "positions": [
            "article-478",
            "article-3133",
            "article-1472"
        ]
    },
    {
        "id": "order-291",
        "positions": [
            "article-1721",
            "article-1846"
        ]
    },
    {
        "id": "order-292",
        "positions": [
            "article-753",
            "article-3133"
        ]
    },
    {
        "id": "order-293",
        "positions": [
            "article-2883",
            "article-1790"
        ]
    },
    {
        "id": "order-294",
        "positions": [
            "article-1969",
            "article-171",
            "article-1695"
        ]
    },
    {
        "id": "order-295",
        "positions": [
            "article-985",
            "article-1314"
        ]
    },
    {
        "id": "order-296",
        "positions": [
            "article-2473",
            "article-937"
        ]
    },
    {
        "id": "order-297",
        "positions": [
            "article-511",
            "article-2192"
        ]
    },
    {
        "id": "order-298",
        "positions": [
            "article-2786",
            "article-1973"
        ]
    },
    {
        "id": "order-299",
        "positions": [
            "article-717",
            "article-1299"
        ]
    },
    {
        "id": "order-300",
        "positions": [
            "article-2118",
            "article-1515"
        ]
    },
    {
        "id": "order-301",
        "positions": [
            "article-2332",
            "article-192",
            "article-2783"
        ]
    },
    {
        "id": "order-302",
        "positions": [
            "article-73",
            "article-1209"
        ]
    },
    {
        "id": "order-303",
        "positions": [
            "article-2713",
            "article-1121",
            "article-2542"
        ]
    },
    {
        "id": "order-304",
        "positions": [
            "article-2291",
            "article-2945",
            "article-995",
            "article-2918"
        ]
    },
    {
        "id": "order-305",
        "positions": [
            "article-1923",
            "article-2056"
        ]
    },
    {
        "id": "order-306",
        "positions": [
            "article-1609",
            "article-1434"
        ]
    },
    {
        "id": "order-307",
        "positions": [
            "article-1206",
            "article-940"
        ]
    },
    {
        "id": "order-308",
        "positions": [
            "article-2287",
            "article-1497"
        ]
    },
    {
        "id": "order-309",
        "positions": [
            "article-2484",
            "article-321"
        ]
    },
    {
        "id": "order-310",
        "positions": [
            "article-2220",
            "article-2167",
            "article-1148"
        ]
    },
    {
        "id": "order-311",
        "positions": [
            "article-966",
            "article-908",
            "article-203"
        ]
    },
    {
        "id": "order-312",
        "positions": [
            "article-967",
            "article-2461",
            "article-1685",
            "article-1716"
        ]
    },
    {
        "id": "order-313",
        "positions": [
            "article-2877",
            "article-838",
            "article-2111"
        ]
    },
    {
        "id": "order-314",
        "positions": [
            "article-3186",
            "article-1553",
            "article-1156"
        ]
    },
    {
        "id": "order-315",
        "positions": [
            "article-1643",
            "article-996",
            "article-1940"
        ]
    },
    {
        "id": "order-316",
        "positions": [
            "article-1753",
            "article-949",
            "article-1881",
            "article-2680"
        ]
    },
    {
        "id": "order-317",
        "positions": [
            "article-1698",
            "article-832"
        ]
    },
    {
        "id": "order-318",
        "positions": [
            "article-2029",
            "article-1695"
        ]
    },
    {
        "id": "order-319",
        "positions": [
            "article-2673",
            "article-1176"
        ]
    },
    {
        "id": "order-320",
        "positions": [
            "article-2402",
            "article-1044"
        ]
    },
    {
        "id": "order-321",
        "positions": [
            "article-856",
            "article-2706",
            "article-2021"
        ]
    },
    {
        "id": "order-322",
        "positions": [
            "article-2269",
            "article-1855"
        ]
    },
    {
        "id": "order-323",
        "positions": [
            "article-1220",
            "article-9"
        ]
    },
    {
        "id": "order-324",
        "positions": [
            "article-2147",
            "article-148",
            "article-1391"
        ]
    },
    {
        "id": "order-325",
        "positions": [
            "article-1504",
            "article-419"
        ]
    },
    {
        "id": "order-326",
        "positions": [
            "article-1005",
            "article-2551",
            "article-920",
            "article-913"
        ]
    },
    {
        "id": "order-327",
        "positions": [
            "article-483",
            "article-1857",
            "article-962"
        ]
    },
    {
        "id": "order-328",
        "positions": [
            "article-1360",
            "article-1398",
            "article-137",
            "article-2609"
        ]
    },
    {
        "id": "order-329",
        "positions": [
            "article-3006",
            "article-1674"
        ]
    },
    {
        "id": "order-330",
        "positions": [
            "article-448",
            "article-2868",
            "article-1126",
            "article-2901"
        ]
    },
    {
        "id": "order-331",
        "positions": [
            "article-1029",
            "article-2763",
            "article-2230"
        ]
    },
    {
        "id": "order-332",
        "positions": [
            "article-934",
            "article-824"
        ]
    },
    {
        "id": "order-333",
        "positions": [
            "article-2754",
            "article-2539"
        ]
    },
    {
        "id": "order-334",
        "positions": [
            "article-16",
            "article-929"
        ]
    },
    {
        "id": "order-335",
        "positions": [
            "article-2106",
            "article-1885",
            "article-694"
        ]
    },
    {
        "id": "order-336",
        "positions": [
            "article-68",
            "article-3272",
            "article-456"
        ]
    },
    {
        "id": "order-337",
        "positions": [
            "article-2271",
            "article-2687"
        ]
    },
    {
        "id": "order-338",
        "positions": [
            "article-1195",
            "article-1050",
            "article-2117"
        ]
    },
    {
        "id": "order-339",
        "positions": [
            "article-2974",
            "article-193"
        ]
    },
    {
        "id": "order-340",
        "positions": [
            "article-326",
            "article-336",
            "article-2500",
            "article-2346"
        ]
    },
    {
        "id": "order-341",
        "positions": [
            "article-1626",
            "article-1452"
        ]
    },
    {
        "id": "order-342",
        "positions": [
            "article-945",
            "article-1463"
        ]
    },
    {
        "id": "order-343",
        "positions": [
            "article-340",
            "article-2250"
        ]
    },
    {
        "id": "order-344",
        "positions": [
            "article-38",
            "article-880"
        ]
    },
    {
        "id": "order-345",
        "positions": [
            "article-2704",
            "article-752"
        ]
    },
    {
        "id": "order-346",
        "positions": [
            "article-122",
            "article-2649"
        ]
    },
    {
        "id": "order-347",
        "positions": [
            "article-965",
            "article-1445"
        ]
    },
    {
        "id": "order-348",
        "positions": [
            "article-1902",
            "article-3300"
        ]
    },
    {
        "id": "order-349",
        "positions": [
            "article-2189",
            "article-863",
            "article-387"
        ]
    },
    {
        "id": "order-350",
        "positions": [
            "article-2857",
            "article-1501",
            "article-1271"
        ]
    },
    {
        "id": "order-351",
        "positions": [
            "article-193",
            "article-2796",
            "article-318",
            "article-702",
            "article-633"
        ]
    },
    {
        "id": "order-352",
        "positions": [
            "article-2319",
            "article-2340"
        ]
    },
    {
        "id": "order-353",
        "positions": [
            "article-860",
            "article-1780"
        ]
    },
    {
        "id": "order-354",
        "positions": [
            "article-1811",
            "article-1013",
            "article-1143",
            "article-306"
        ]
    },
    {
        "id": "order-355",
        "positions": [
            "article-1332",
            "article-2972",
            "article-1466",
            "article-1434",
            "article-2030"
        ]
    },
    {
        "id": "order-356",
        "positions": [
            "article-1051",
            "article-2894",
            "article-3207"
        ]
    },
    {
        "id": "order-357",
        "positions": [
            "article-2029",
            "article-807"
        ]
    },
    {
        "id": "order-358",
        "positions": [
            "article-2711",
            "article-1469"
        ]
    },
    {
        "id": "order-359",
        "positions": [
            "article-5",
            "article-2765"
        ]
    },
    {
        "id": "order-360",
        "positions": [
            "article-2662",
            "article-1980",
            "article-3011"
        ]
    },
    {
        "id": "order-361",
        "positions": [
            "article-1445",
            "article-2378"
        ]
    },
    {
        "id": "order-362",
        "positions": [
            "article-913",
            "article-1567"
        ]
    },
    {
        "id": "order-363",
        "positions": [
            "article-2863",
            "article-3221"
        ]
    },
    {
        "id": "order-364",
        "positions": [
            "article-2404",
            "article-402",
            "article-2786"
        ]
    },
    {
        "id": "order-365",
        "positions": [
            "article-2545",
            "article-2251"
        ]
    },
    {
        "id": "order-366",
        "positions": [
            "article-1632",
            "article-3061"
        ]
    },
    {
        "id": "order-367",
        "positions": [
            "article-2567",
            "article-2474",
            "article-2850"
        ]
    },
    {
        "id": "order-368",
        "positions": [
            "article-1503",
            "article-2586",
            "article-1676"
        ]
    },
    {
        "id": "order-369",
        "positions": [
            "article-246",
            "article-1104",
            "article-792",
            "article-784",
            "article-2142"
        ]
    },
    {
        "id": "order-370",
        "positions": [
            "article-1344",
            "article-2812"
        ]
    },
    {
        "id": "order-371",
        "positions": [
            "article-1749",
            "article-2405"
        ]
    },
    {
        "id": "order-372",
        "positions": [
            "article-517",
            "article-3102",
            "article-166"
        ]
    },
    {
        "id": "order-373",
        "positions": [
            "article-1660",
            "article-1475"
        ]
    },
    {
        "id": "order-374",
        "positions": [
            "article-1510",
            "article-2785"
        ]
    },
    {
        "id": "order-375",
        "positions": [
            "article-2662",
            "article-2000"
        ]
    },
    {
        "id": "order-376",
        "positions": [
            "article-1456",
            "article-2158",
            "article-1302"
        ]
    },
    {
        "id": "order-377",
        "positions": [
            "article-1301",
            "article-1551",
            "article-1611",
            "article-2804"
        ]
    },
    {
        "id": "order-378",
        "positions": [
            "article-2823",
            "article-3244",
            "article-3059",
            "article-761"
        ]
    },
    {
        "id": "order-379",
        "positions": [
            "article-2956",
            "article-2277"
        ]
    },
    {
        "id": "order-380",
        "positions": [
            "article-3269",
            "article-123"
        ]
    },
    {
        "id": "order-381",
        "positions": [
            "article-589",
            "article-1011",
            "article-116",
            "article-2734"
        ]
    },
    {
        "id": "order-382",
        "positions": [
            "article-2337",
            "article-392"
        ]
    },
    {
        "id": "order-383",
        "positions": [
            "article-836",
            "article-1643",
            "article-3087"
        ]
    },
    {
        "id": "order-384",
        "positions": [
            "article-0",
            "article-2074",
            "article-1833"
        ]
    },
    {
        "id": "order-385",
        "positions": [
            "article-469",
            "article-2170",
            "article-872"
        ]
    },
    {
        "id": "order-386",
        "positions": [
            "article-995",
            "article-41",
            "article-1161",
            "article-157"
        ]
    },
    {
        "id": "order-387",
        "positions": [
            "article-628",
            "article-693"
        ]
    },
    {
        "id": "order-388",
        "positions": [
            "article-2183",
            "article-735",
            "article-840",
            "article-307",
            "article-2872"
        ]
    },
    {
        "id": "order-389",
        "positions": [
            "article-2790",
            "article-849"
        ]
    },
    {
        "id": "order-390",
        "positions": [
            "article-2569",
            "article-494"
        ]
    },
    {
        "id": "order-391",
        "positions": [
            "article-1735",
            "article-2643",
            "article-3263"
        ]
    },
    {
        "id": "order-392",
        "positions": [
            "article-1113",
            "article-1789"
        ]
    },
    {
        "id": "order-393",
        "positions": [
            "article-2378",
            "article-3332"
        ]
    },
    {
        "id": "order-394",
        "positions": [
            "article-3060",
            "article-3216"
        ]
    },
    {
        "id": "order-395",
        "positions": [
            "article-2488",
            "article-2994",
            "article-2871",
            "article-1380"
        ]
    },
    {
        "id": "order-396",
        "positions": [
            "article-190",
            "article-605"
        ]
    },
    {
        "id": "order-397",
        "positions": [
            "article-991",
            "article-2187",
            "article-2987",
            "article-168"
        ]
    },
    {
        "id": "order-398",
        "positions": [
            "article-397",
            "article-3210"
        ]
    },
    {
        "id": "order-399",
        "positions": [
            "article-165",
            "article-841",
            "article-458",
            "article-2930"
        ]
    },
    {
        "id": "order-400",
        "positions": [
            "article-950",
            "article-1414"
        ]
    },
    {
        "id": "order-401",
        "positions": [
            "article-1312",
            "article-2242",
            "article-1955"
        ]
    },
    {
        "id": "order-402",
        "positions": [
            "article-433",
            "article-821",
            "article-1269"
        ]
    },
    {
        "id": "order-403",
        "positions": [
            "article-2569",
            "article-2091",
            "article-3074",
            "article-1723",
            "article-2196",
            "article-1841"
        ]
    },
    {
        "id": "order-404",
        "positions": [
            "article-599",
            "article-1902",
            "article-2465"
        ]
    },
    {
        "id": "order-405",
        "positions": [
            "article-1365",
            "article-2130",
            "article-1737"
        ]
    },
    {
        "id": "order-406",
        "positions": [
            "article-113",
            "article-3281",
            "article-1431"
        ]
    },
    {
        "id": "order-407",
        "positions": [
            "article-1185",
            "article-1916"
        ]
    },
    {
        "id": "order-408",
        "positions": [
            "article-1233",
            "article-793"
        ]
    },
    {
        "id": "order-409",
        "positions": [
            "article-2321",
            "article-185",
            "article-2674",
            "article-1235",
            "article-2553",
            "article-1107"
        ]
    },
    {
        "id": "order-410",
        "positions": [
            "article-3316",
            "article-2392"
        ]
    },
    {
        "id": "order-411",
        "positions": [
            "article-3245",
            "article-2332",
            "article-1856"
        ]
    },
    {
        "id": "order-412",
        "positions": [
            "article-2014",
            "article-2961",
            "article-1649"
        ]
    },
    {
        "id": "order-413",
        "positions": [
            "article-2400",
            "article-1254"
        ]
    },
    {
        "id": "order-414",
        "positions": [
            "article-2976",
            "article-921",
            "article-257",
            "article-3189"
        ]
    },
    {
        "id": "order-415",
        "positions": [
            "article-350",
            "article-915",
            "article-1027"
        ]
    },
    {
        "id": "order-416",
        "positions": [
            "article-2247",
            "article-2298",
            "article-204",
            "article-2788",
            "article-1523"
        ]
    },
    {
        "id": "order-417",
        "positions": [
            "article-1327",
            "article-247",
            "article-1775",
            "article-62"
        ]
    },
    {
        "id": "order-418",
        "positions": [
            "article-2397",
            "article-1566"
        ]
    },
    {
        "id": "order-419",
        "positions": [
            "article-1844",
            "article-2060",
            "article-1230"
        ]
    },
    {
        "id": "order-420",
        "positions": [
            "article-2575",
            "article-636"
        ]
    },
    {
        "id": "order-421",
        "positions": [
            "article-1947",
            "article-1746",
            "article-391",
            "article-3159"
        ]
    },
    {
        "id": "order-422",
        "positions": [
            "article-2234",
            "article-3023",
            "article-2138"
        ]
    },
    {
        "id": "order-423",
        "positions": [
            "article-1018",
            "article-112"
        ]
    },
    {
        "id": "order-424",
        "positions": [
            "article-119",
            "article-1950",
            "article-1137",
            "article-1522"
        ]
    },
    {
        "id": "order-425",
        "positions": [
            "article-956",
            "article-2864"
        ]
    },
    {
        "id": "order-426",
        "positions": [
            "article-3190",
            "article-3124"
        ]
    },
    {
        "id": "order-427",
        "positions": [
            "article-1849",
            "article-1133",
            "article-1363"
        ]
    },
    {
        "id": "order-428",
        "positions": [
            "article-999",
            "article-791"
        ]
    },
    {
        "id": "order-429",
        "positions": [
            "article-2349",
            "article-104",
            "article-2210",
            "article-2928"
        ]
    },
    {
        "id": "order-430",
        "positions": [
            "article-1050",
            "article-2815"
        ]
    },
    {
        "id": "order-431",
        "positions": [
            "article-2769",
            "article-1687"
        ]
    },
    {
        "id": "order-432",
        "positions": [
            "article-3044",
            "article-176"
        ]
    },
    {
        "id": "order-433",
        "positions": [
            "article-100",
            "article-2896"
        ]
    },
    {
        "id": "order-434",
        "positions": [
            "article-1418",
            "article-2771"
        ]
    },
    {
        "id": "order-435",
        "positions": [
            "article-782",
            "article-770",
            "article-1342",
            "article-553"
        ]
    },
    {
        "id": "order-436",
        "positions": [
            "article-2744",
            "article-1644"
        ]
    },
    {
        "id": "order-437",
        "positions": [
            "article-2251",
            "article-3180"
        ]
    },
    {
        "id": "order-438",
        "positions": [
            "article-3130",
            "article-160",
            "article-1955",
            "article-1758"
        ]
    },
    {
        "id": "order-439",
        "positions": [
            "article-1796",
            "article-3051",
            "article-1321"
        ]
    },
    {
        "id": "order-440",
        "positions": [
            "article-2715",
            "article-2128"
        ]
    },
    {
        "id": "order-441",
        "positions": [
            "article-961",
            "article-1010"
        ]
    },
    {
        "id": "order-442",
        "positions": [
            "article-842",
            "article-2661",
            "article-1798"
        ]
    },
    {
        "id": "order-443",
        "positions": [
            "article-2179",
            "article-2120",
            "article-3189",
            "article-1935"
        ]
    },
    {
        "id": "order-444",
        "positions": [
            "article-1434",
            "article-3132"
        ]
    },
    {
        "id": "order-445",
        "positions": [
            "article-2964",
            "article-411",
            "article-246"
        ]
    },
    {
        "id": "order-446",
        "positions": [
            "article-1842",
            "article-512"
        ]
    },
    {
        "id": "order-447",
        "positions": [
            "article-2617",
            "article-1691"
        ]
    },
    {
        "id": "order-448",
        "positions": [
            "article-259",
            "article-930"
        ]
    },
    {
        "id": "order-449",
        "positions": [
            "article-1055",
            "article-5",
            "article-2371"
        ]
    },
    {
        "id": "order-450",
        "positions": [
            "article-2916",
            "article-2328",
            "article-3265",
            "article-422"
        ]
    },
    {
        "id": "order-451",
        "positions": [
            "article-3279",
            "article-707",
            "article-780",
            "article-386"
        ]
    },
    {
        "id": "order-452",
        "positions": [
            "article-847",
            "article-284"
        ]
    },
    {
        "id": "order-453",
        "positions": [
            "article-1279",
            "article-2007"
        ]
    },
    {
        "id": "order-454",
        "positions": [
            "article-2323",
            "article-3151"
        ]
    },
    {
        "id": "order-455",
        "positions": [
            "article-2429",
            "article-2367"
        ]
    },
    {
        "id": "order-456",
        "positions": [
            "article-262",
            "article-1978",
            "article-3219"
        ]
    },
    {
        "id": "order-457",
        "positions": [
            "article-2721",
            "article-1943",
            "article-2344"
        ]
    },
    {
        "id": "order-458",
        "positions": [
            "article-2345",
            "article-696",
            "article-406"
        ]
    },
    {
        "id": "order-459",
        "positions": [
            "article-2570",
            "article-2869"
        ]
    },
    {
        "id": "order-460",
        "positions": [
            "article-2100",
            "article-1975"
        ]
    },
    {
        "id": "order-461",
        "positions": [
            "article-152",
            "article-837"
        ]
    },
    {
        "id": "order-462",
        "positions": [
            "article-1685",
            "article-885"
        ]
    },
    {
        "id": "order-463",
        "positions": [
            "article-1976",
            "article-1277",
            "article-2832"
        ]
    },
    {
        "id": "order-464",
        "positions": [
            "article-380",
            "article-3050"
        ]
    },
    {
        "id": "order-465",
        "positions": [
            "article-2700",
            "article-1028",
            "article-2861",
            "article-990",
            "article-1022"
        ]
    },
    {
        "id": "order-466",
        "positions": [
            "article-2245",
            "article-2684",
            "article-761",
            "article-436"
        ]
    },
    {
        "id": "order-467",
        "positions": [
            "article-2766",
            "article-2838"
        ]
    },
    {
        "id": "order-468",
        "positions": [
            "article-2554",
            "article-3104",
            "article-2091"
        ]
    },
    {
        "id": "order-469",
        "positions": [
            "article-94",
            "article-287"
        ]
    },
    {
        "id": "order-470",
        "positions": [
            "article-3049",
            "article-1116",
            "article-237"
        ]
    },
    {
        "id": "order-471",
        "positions": [
            "article-498",
            "article-817",
            "article-1390"
        ]
    },
    {
        "id": "order-472",
        "positions": [
            "article-1798",
            "article-2907",
            "article-216",
            "article-3078"
        ]
    },
    {
        "id": "order-473",
        "positions": [
            "article-113",
            "article-405",
            "article-68",
            "article-2668",
            "article-2648"
        ]
    },
    {
        "id": "order-474",
        "positions": [
            "article-1805",
            "article-2267",
            "article-454",
            "article-708"
        ]
    },
    {
        "id": "order-475",
        "positions": [
            "article-968",
            "article-2881",
            "article-859",
            "article-159"
        ]
    },
    {
        "id": "order-476",
        "positions": [
            "article-3010",
            "article-2059"
        ]
    },
    {
        "id": "order-477",
        "positions": [
            "article-2831",
            "article-2875"
        ]
    },
    {
        "id": "order-478",
        "positions": [
            "article-1806",
            "article-2054"
        ]
    },
    {
        "id": "order-479",
        "positions": [
            "article-883",
            "article-1848",
            "article-106"
        ]
    },
    {
        "id": "order-480",
        "positions": [
            "article-1996",
            "article-500"
        ]
    },
    {
        "id": "order-481",
        "positions": [
            "article-2618",
            "article-362",
            "article-429"
        ]
    },
    {
        "id": "order-482",
        "positions": [
            "article-2524",
            "article-2969"
        ]
    },
    {
        "id": "order-483",
        "positions": [
            "article-2798",
            "article-2017",
            "article-2287"
        ]
    },
    {
        "id": "order-484",
        "positions": [
            "article-2297",
            "article-1325",
            "article-808",
            "article-635"
        ]
    },
    {
        "id": "order-485",
        "positions": [
            "article-603",
            "article-1245"
        ]
    },
    {
        "id": "order-486",
        "positions": [
            "article-684",
            "article-2965"
        ]
    },
    {
        "id": "order-487",
        "positions": [
            "article-2814",
            "article-559",
            "article-276"
        ]
    },
    {
        "id": "order-488",
        "positions": [
            "article-922",
            "article-852"
        ]
    },
    {
        "id": "order-489",
        "positions": [
            "article-2219",
            "article-71",
            "article-16"
        ]
    },
    {
        "id": "order-490",
        "positions": [
            "article-3082",
            "article-3317"
        ]
    },
    {
        "id": "order-491",
        "positions": [
            "article-2859",
            "article-1624",
            "article-1255"
        ]
    },
    {
        "id": "order-492",
        "positions": [
            "article-436",
            "article-684",
            "article-112"
        ]
    },
    {
        "id": "order-493",
        "positions": [
            "article-1138",
            "article-743",
            "article-1082"
        ]
    },
    {
        "id": "order-494",
        "positions": [
            "article-1667",
            "article-1100",
            "article-2678",
            "article-1204"
        ]
    },
    {
        "id": "order-495",
        "positions": [
            "article-746",
            "article-2738",
            "article-944",
            "article-2441"
        ]
    },
    {
        "id": "order-496",
        "positions": [
            "article-935",
            "article-924",
            "article-3294"
        ]
    },
    {
        "id": "order-497",
        "positions": [
            "article-2577",
            "article-968",
            "article-355"
        ]
    },
    {
        "id": "order-498",
        "positions": [
            "article-1838",
            "article-934"
        ]
    },
    {
        "id": "order-499",
        "positions": [
            "article-1940",
            "article-438"
        ]
    }
]