[
    {
        "id": "order-0",
        "positions": [
            "article-383",
            "article-3035"
        ]
    },
    {
        "id": "order-1",
        "positions": [
            "article-2166",
            "article-1642",
            "article-1803",
            "article-2050"
        ]
    },
    {
        "id": "order-2",
        "positions": [
            "article-2268",
            "article-693"
        ]
    },
    {
        "id": "order-3",
        "positions": [
            "article-1362",
            "article-46"
        ]
    },
    {
        "id": "order-4",
        "positions": [
            "article-1757",
            "article-169",
            "article-2861",
            "article-1094",
            "article-1124"
        ]
    },
    {
        "id": "order-5",
        "positions": [
            "article-438",
            "article-594"
        ]
    },
    {
        "id": "order-6",
        "positions": [
            "article-181",
            "article-502"
        ]
    },
    {
        "id": "order-7",
        "positions": [
            "article-2073",
            "article-3169"
        ]
    },
    {
        "id": "order-8",
        "positions": [
            "article-1754",
            "article-1203"
        ]
    },
    {
        "id": "order-9",
        "positions": [
            "article-2669",
            "article-855",
            "article-152"
        ]
    },
    {
        "id": "order-10",
        "positions": [
            "article-1892",
            "article-1118"
        ]
    },
    {
        "id": "order-11",
        "positions": [
            "article-2500",
            "article-2243"
        ]
    },
    {
        "id": "order-12",
        "positions": [
            "article-2940",
            "article-2627"
        ]
    },
    {
        "id": "order-13",
        "positions": [
            "article-539",
            "article-1619"
        ]
    },
    {
        "id": "order-14",
        "positions": [
            "article-2182",
            "article-1103"
        ]
    },
    {
        "id": "order-15",
        "positions": [
            "article-1548",
            "article-2987"
        ]
    },
    {
        "id": "order-16",
        "positions": [
            "article-366",
            "article-1542",
            "article-519"
        ]
    },
    {
        "id": "order-17",
        "positions": [
            "article-2001",
            "article-2038"
        ]
    },
    {
        "id": "order-18",
        "positions": [
            "article-164",
            "article-1778"
        ]
    },
    {
        "id": "order-19",
        "positions": [
            "article-1561",
            "article-3302"
        ]
    },
    {
        "id": "order-20",
        "positions": [
            "article-204",
            "article-243",
            "article-2981"
        ]
    },
    {
        "id": "order-21",
        "positions": [
            "article-2159",
            "article-1087"
        ]
    },
    {
        "id": "order-22",
        "positions": [
            "article-916",
            "article-222"
        ]
    },
    {
        "id": "order-23",
        "positions": [
            "article-1371",
            "article-1898"
        ]
    },
    {
        "id": "order-24",
        "positions": [
            "article-1823",
            "article-2694",
            "article-3111"
        ]
    },
    {
        "id": "order-25",
        "positions": [
            "article-421",
            "article-1519"
        ]
    },
    {
        "id": "order-26",
        "positions": [
            "article-1655",
            "article-1724",
            "article-1773"
        ]
    },
    {
        "id": "order-27",
        "positions": [
            "article-2530",
            "article-283"
        ]
    },
    {
        "id": "order-28",
        "positions": [
            "article-886",
            "article-537"
        ]
    },
    {
        "id": "order-29",
        "positions": [
            "article-1512",
            "article-1500"
        ]
    },
    {
        "id": "order-30",
        "positions": [
            "article-2032",
            "article-60"
        ]
    },
    {
        "id": "order-31",
        "positions": [
            "article-874",
            "article-967",
            "article-498"
        ]
    },
    {
        "id": "order-32",
        "positions": [
            "article-981",
            "article-1139"
        ]
    },
    {
        "id": "order-33",
        "positions": [
            "article-2668",
            "article-8",
            "article-2220"
        ]
    },
    {
        "id": "order-34",
        "positions": [
            "article-80",
            "article-593"
        ]
    },
    {
        "id": "order-35",
        "positions": [
            "article-2312",
            "article-1631"
        ]
    },
    {
        "id": "order-36",
        "positions": [
            "article-3157",
            "article-525",
            "article-212",
            "article-3236",
            "article-981"
        ]
    },
    {
        "id": "order-37",
        "positions": [
            "article-181",
            "article-2958"
        ]
    },
    {
        "id": "order-38",
        "positions": [
            "article-2126",
            "article-1193",
            "article-734"
        ]
    },
    {
        "id": "order-39",
        "positions": [
            "article-46",
            "article-2956",
            "article-1457",
            "article-2378"
        ]
    },
    {
        "id": "order-40",
        "positions": [
            "article-1779",
            "article-3300"
        ]
    },
    {
        "id": "order-41",
        "positions": [
            "article-3072",
            "article-2474"
        ]
    },
    {
        "id": "order-42",
        "positions": [
            "article-3143",
            "article-3021",
            "article-1224"
        ]
    },
    {
        "id": "order-43",
        "positions": [
            "article-3013",
            "article-1419"
        ]
    },
    {
        "id": "order-44",
        "positions": [
            "article-2706",
            "article-1948",
            "article-3009"
        ]
    },
    {
        "id": "order-45",
        "positions": [
            "article-508",
            "article-252",
            "article-3108",
            "article-392",
            "article-238",
            "article-2318"
        ]
    },
    {
        "id": "order-46",
        "positions": [
            "article-1909",
            "article-156",
            "article-242",
            "article-559",
            "article-2015",
            "article-1594"
        ]
    },
    {
        "id": "order-47",
        "positions": [
            "article-475",
            "article-1264",
            "article-833",
            "article-1282",
            "article-3129",
            "article-671"
        ]
    },
    {
        "id": "order-48",
        "positions": [
            "article-1109",
            "article-705"
        ]
    },
    {
        "id": "order-49",
        "positions": [
            "article-1274",
            "article-706",
            "article-206"
        ]
    },
    {
        "id": "order-50",
        "positions": [
            "article-2526",
            "article-2981",
            "article-3248",
            "article-169"
        ]
    },
    {
        "id": "order-51",
        "positions": [
            "article-1183",
            "article-1456",
            "article-3289",
            "article-1370"
        ]
    },
    {
        "id": "order-52",
        "positions": [
            "article-3260",
            "article-1908",
            "article-3304"
        ]
    },
    {
        "id": "order-53",
        "positions": [
            "article-1032",
            "article-735",
            "article-536",
            "article-1127"
        ]
    },
    {
        "id": "order-54",
        "positions": [
            "article-1996",
            "article-1495"
        ]
    },
    {
        "id": "order-55",
        "positions": [
            "article-1421",
            "article-1713",
            "article-8",
            "article-715"
        ]
    },
    {
        "id": "order-56",
        "positions": [
            "article-2911",
            "article-617",
            "article-2553"
        ]
    },
    {
        "id": "order-57",
        "positions": [
            "article-126",
            "article-927",
            "article-845"
        ]
    },
    {
        "id": "order-58",
        "positions": [
            "article-3011",
            "article-747"
        ]
    },
    {
        "id": "order-59",
        "positions": [
            "article-982",
            "article-2848",
            "article-1455"
        ]
    },
    {
        "id": "order-60",
        "positions": [
            "article-2542",
            "article-2619"
        ]
    },
    {
        "id": "order-61",
        "positions": [
            "article-1665",
            "article-379"
        ]
    },
    {
        "id": "order-62",
        "positions": [
            "article-103",
            "article-2332",
            "article-655"
        ]
    },
    {
        "id": "order-63",
        "positions": [
            "article-100",
            "article-2513",
            "article-2736"
        ]
    },
    {
        "id": "order-64",
        "positions": [
            "article-838",
            "article-1947"
        ]
    },
    {
        "id": "order-65",
        "positions": [
            "article-686",
            "article-1721",
            "article-344"
        ]
    },
    {
        "id": "order-66",
        "positions": [
            "article-1945",
            "article-773"
        ]
    },
    {
        "id": "order-67",
        "positions": [
            "article-3265",
            "article-1667"
        ]
    },
    {
        "id": "order-68",
        "positions": [
            "article-2876",
            "article-487",
            "article-977"
        ]
    },
    {
        "id": "order-69",
        "positions": [
            "article-843",
            "article-2356"
        ]
    },
    {
        "id": "order-70",
        "positions": [
            "article-1727",
            "article-2402",
            "article-1757"
        ]
    },
    {
        "id": "order-71",
        "positions": [
            "article-2847",
            "article-2619"
        ]
    },
    {
        "id": "order-72",
        "positions": [
            "article-3008",
            "article-2400",
            "article-251",
            "article-3074",
            "article-1561"
        ]
    },
    {
        "id": "order-73",
        "positions": [
            "article-500",
            "article-1536"
        ]
    },
    {
        "id": "order-74",
        "positions": [
            "article-141",
            "article-1871"
        ]
    },
    {
        "id": "order-75",
        "positions": [
            "article-1943",
            "article-2022"
        ]
    },
    {
        "id": "order-76",
        "positions": [
            "article-1921",
            "article-1830",
            "article-3190"
        ]
    },
    {
        "id": "order-77",
        "positions": [
            "article-1972",
            "article-1276"
        ]
    },
    {
        "id": "order-78",
        "positions": [
            "article-2607",
            "article-2732"
        ]
    },
    {
        "id": "order-79",
        "positions": [
            "article-875",
            "article-898",
            "article-3113"
        ]
    },
    {
        "id": "order-80",
        "positions": [
            "article-445",
            "article-915",
            "article-2920"
        ]
    },
    {
        "id": "order-81",
        "positions": [
            "article-2826",
            "article-1733"
        ]
    },
    {
        "id": "order-82",
        "positions": [
            "article-1953",
            "article-2023",
            "article-3116"
        ]
    },
    {
        "id": "order-83",
        "positions": [
            "article-2955",
            "article-265"
        ]
    },
    {
        "id": "order-84",
        "positions": [
            "article-2287",
            "article-2055"
        ]
    },
    {
        "id": "order-85",
        "positions": [
            "article-1836",
            "article-2907"
        ]
    },
    {
        "id": "order-86",
        "positions": [
            "article-2375",
            "article-1706",
            "article-1624"
        ]
    },
    {
        "id": "order-87",
        "positions": [
            "article-2672",
            "article-35",
            "article-2992"
        ]
    },
    {
        "id": "order-88",
        "positions": [
            "article-34",
            "article-860",
            "article-717",
            "article-2299"
        ]
    },
    {
        "id": "order-89",
        "positions": [
            "article-1873",
            "article-2088"
        ]
    },
    {
        "id": "order-90",
        "positions": [
            "article-3300",
            "article-302"
        ]
    },
    {
        "id": "order-91",
        "positions": [
            "article-1212",
            "article-1986"
        ]
    },
    {
        "id": "order-92",
        "positions": [
            "article-349",
            "article-728"
        ]
    },
    {
        "id": "order-93",
        "positions": [
            "article-2858",
            "article-1220"
        ]
    },
    {
        "id": "order-94",
        "positions": [
            "article-546",
            "article-194"
        ]
    },
    {
        "id": "order-95",
        "positions": [
            "article-3217",
            "article-3198"
        ]
    },
    {
        "id": "order-96",
        "positions": [
            "article-648",
            "article-19"
        ]
    },
    {
        "id": "order-97",
        "positions": [
            "article-1877",
            "article-1924"
        ]
    },
    {
        "id": "order-98",
        "positions": [
            "article-94",
            "article-50"
        ]
    },
    {
        "id": "order-99",
        "positions": [
            "article-514",
            "article-1348",
            "article-1577"
        ]
    },
    {
        "id": "order-100",
        "positions": [
            "article-104",
            "article-2031"
        ]
    },
    {
        "id": "order-101",
        "positions": [
            "article-1370",
            "article-2314",
            "article-1943",
            "article-2711"
        ]
    },
    {
        "id": "order-102",
        "positions": [
            "article-752",
            "article-2444"
        ]
    },
    {
        "id": "order-103",
        "positions": [
            "article-1218",
            "article-2587",
            "article-1588"
        ]
    },
    {
        "id": "order-104",
        "positions": [
            "article-1475",
            "article-357",
            "article-3284",
            "article-1173"
        ]
    },
    {
        "id": "order-105",
        "positions": [
            "article-2486",
            "article-2631"
        ]
    },
    {
        "id": "order-106",
        "positions": [
            "article-2036",
            "article-1537",
            "article-953",
            "article-2508"
        ]
    },
    {
        "id": "order-107",
        "positions": [
            "article-2243",
            "article-2235"
        ]
    },
    {
        "id": "order-108",
        "positions": [
            "article-2340",
            "article-651"
        ]
    },
    {
        "id": "order-109",
        "positions": [
            "article-131",
            "article-1525"
        ]
    },
    {
        "id": "order-110",
        "positions": [
            "article-1081",
            "article-2863"
        ]
    },
    {
        "id": "order-111",
        "positions": [
            "article-338",
            "article-1956",
            "article-83"
        ]
    },
    {
        "id": "order-112",
        "positions": [
            "article-2618",
            "article-1424"
        ]
    },
    {
        "id": "order-113",
        "positions": [
            "article-1044",
            "article-2009",
            "article-2602"
        ]
    },
    {
        "id": "order-114",
        "positions": [
            "article-1017",
            "article-2017",
            "article-128"
        ]
    },
    {
        "id": "order-115",
        "positions": [
            "article-1845",
            "article-287"
        ]
    },
    {
        "id": "order-116",
        "positions": [
            "article-3178",
            "article-2411"
        ]
    },
    {
        "id": "order-117",
        "positions": [
            "article-2481",
            "article-1998",
            "article-606"
        ]
    },
    {
        "id": "order-118",
        "positions": [
            "article-721",
            "article-3068"
        ]
    },
    {
        "id": "order-119",
        "positions": [
            "article-2486",
            "article-1551"
        ]
    },
    {
        "id": "order-120",
        "positions": [
            "article-145",
            "article-611"
        ]
    },
    {
        "id": "order-121",
        "positions": [
            "article-2817",
            "article-2975",
            "article-342",
            "article-3232",
            "article-324"
        ]
    },
    {
        "id": "order-122",
        "positions": [
            "article-2884",
            "article-1674",
            "article-974",
            "article-2284"
        ]
    },
    {
        "id": "order-123",
        "positions": [
            "article-2012",
            "article-3175"
        ]
    },
    {
        "id": "order-124",
        "positions": [
            "article-1101",
            "article-2484",
            "article-2548"
        ]
    },
    {
        "id": "order-125",
        "positions": [
            "article-213",
            "article-2932",
            "article-2115"
        ]
    },
    {
        "id": "order-126",
        "positions": [
            "article-586",
            "article-1158",
            "article-2757"
        ]
    },
    {
        "id": "order-127",
        "positions": [
            "article-149",
            "article-2732"
        ]
    },
    {
        "id": "order-128",
        "positions": [
            "article-1973",
            "article-2115"
        ]
    },
    {
        "id": "order-129",
        "positions": [
            "article-1418",
            "article-1544"
        ]
    },
    {
        "id": "order-130",
        "positions": [
            "article-798",
            "article-2043"
        ]
    },
    {
        "id": "order-131",
        "positions": [
            "article-1145",
            "article-2065"
        ]
    },
    {
        "id": "order-132",
        "positions": [
            "article-2630",
            "article-3318"
        ]
    },
    {
        "id": "order-133",
        "positions": [
            "article-2357",
            "article-97",
            "article-2173"
        ]
    },
    {
        "id": "order-134",
        "positions": [
            "article-2678",
            "article-414"
        ]
    },
    {
        "id": "order-135",
        "positions": [
            "article-46",
            "article-1738",
            "article-2903"
        ]
    },
    {
        "id": "order-136",
        "positions": [
            "article-2705",
            "article-2504",
            "article-1502",
            "article-1638"
        ]
    },
    {
        "id": "order-137",
        "positions": [
            "article-1303",
            "article-260"
        ]
    },
    {
        "id": "order-138",
        "positions": [
            "article-1452",
            "article-468",
            "article-413"
        ]
    },
    {
        "id": "order-139",
        "positions": [
            "article-638",
            "article-1949"
        ]
    },
    {
        "id": "order-140",
        "positions": [
            "article-396",
            "article-2260",
            "article-1524"
        ]
    },
    {
        "id": "order-141",
        "positions": [
            "article-2131",
            "article-855",
            "article-1634",
            "article-1773",
            "article-2486",
            "article-1195"
        ]
    },
    {
        "id": "order-142",
        "positions": [
            "article-2726",
            "article-638",
            "article-1115",
            "article-627"
        ]
    },
    {
        "id": "order-143",
        "positions": [
            "article-283",
            "article-157"
        ]
    },
    {
        "id": "order-144",
        "positions": [
            "article-3261",
            "article-71"
        ]
    },
    {
        "id": "order-145",
        "positions": [
            "article-1318",
            "article-1981",
            "article-1637"
        ]
    },
    {
        "id": "order-146",
        "positions": [
            "article-1303",
            "article-3054"
        ]
    },
    {
        "id": "order-147",
        "positions": [
            "article-2794",
            "article-402"
        ]
    },
    {
        "id": "order-148",
        "positions": [
            "article-909",
            "article-569",
            "article-2972"
        ]
    },
    {
        "id": "order-149",
        "positions": [
            "article-3221",
            "article-1117"
        ]
    },
    {
        "id": "order-150",
        "positions": [
            "article-2663",
            "article-3273"
        ]
    },
    {
        "id": "order-151",
        "positions": [
            "article-3094",
            "article-1993"
        ]
    },
    {
        "id": "order-152",
        "positions": [
            "article-748",
            "article-3236"
        ]
    },
    {
        "id": "order-153",
        "positions": [
            "article-369",
            "article-2132"
        ]
    },
    {
        "id": "order-154",
        "positions": [
            "article-1430",
            "article-2506",
            "article-2984"
        ]
    },
    {
        "id": "order-155",
        "positions": [
            "article-216",
            "article-2048"
        ]
    },
    {
        "id": "order-156",
        "positions": [
            "article-2350",
            "article-3204"
        ]
    },
    {
        "id": "order-157",
        "positions": [
            "article-1332",
            "article-1340",
            "article-2974"
        ]
    },
    {
        "id": "order-158",
        "positions": [
            "article-3019",
            "article-1786"
        ]
    },
    {
        "id": "order-159",
        "positions": [
            "article-845",
            "article-801"
        ]
    },
    {
        "id": "order-160",
        "positions": [
            "article-1919",
            "article-687",
            "article-2973"
        ]
    },
    {
        "id": "order-161",
        "positions": [
            "article-1420",
            "article-3152",
            "article-2807"
        ]
    },
    {
        "id": "order-162",
        "positions": [
            "article-1224",
            "article-2749",
            "article-1370"
        ]
    },
    {
        "id": "order-163",
        "positions": [
            "article-1755",
            "article-3331"
        ]
    },
    {
        "id": "order-164",
        "positions": [
            "article-2018",
            "article-891",
            "article-1329",
            "article-1339"
        ]
    },
    {
        "id": "order-165",
        "positions": [
            "article-2146",
            "article-570",
            "article-2136",
            "article-1285"
        ]
    },
    {
        "id": "order-166",
        "positions": [
            "article-1309",
            "article-1686"
        ]
    },
    {
        "id": "order-167",
        "positions": [
            "article-2538",
            "article-717"
        ]
    },
    {
        "id": "order-168",
        "positions": [
            "article-521",
            "article-2293"
        ]
    },
    {
        "id": "order-169",
        "positions": [
            "article-1222",
            "article-746",
            "article-181"
        ]
    },
    {
        "id": "order-170",
        "positions": [
            "article-1140",
            "article-1265",
            "article-2387",
            "article-422",
            "article-1344"
        ]
    },
    {
        "id": "order-171",
        "positions": [
            "article-1998",
            "article-3060",
            "article-3108",
            "article-713",
            "article-2938"
        ]
    },
    {
        "id": "order-172",
        "positions": [
            "article-876",
            "article-2944",
            "article-1262"
        ]
    },
    {
        "id": "order-173",
        "positions": [
            "article-1261",
            "article-2348",
            "article-1871"
        ]
    },
    {
        "id": "order-174",
        "positions": [
            "article-1805",
            "article-1786"
        ]
    },
    {
        "id": "order-175",
        "positions": [
            "article-1882",
            "article-1824"
        ]
    },
    {
        "id": "order-176",
        "positions": [
            "article-3033",
            "article-529"
        ]
    },
    {
        "id": "order-177",
        "positions": [
            "article-2321",
            "article-2956",
            "article-1497"
        ]
    },
    {
        "id": "order-178",
        "positions": [
            "article-1332",
            "article-2275",
            "article-2293",
            "article-960"
        ]
    },
    {
        "id": "order-179",
        "positions": [
            "article-739",
            "article-15"
        ]
    },
    {
        "id": "order-180",
        "positions": [
            "article-2456",
            "article-2892",
            "article-2626",
            "article-1"
        ]
    },
    {
        "id": "order-181",
        "positions": [
            "article-2053",
            "article-1828"
        ]
    },
    {
        "id": "order-182",
        "positions": [
            "article-945",
            "article-189"
        ]
    },
    {
        "id": "order-183",
        "positions": [
            "article-3184",
            "article-2529",
            "article-719"
        ]
    },
    {
        "id": "order-184",
        "positions": [
            "article-785",
            "article-3298"
        ]
    },
    {
        "id": "order-185",
        "positions": [
            "article-900",
            "article-1166"
        ]
    },
    {
        "id": "order-186",
        "positions": [
            "article-2503",
            "article-264",
            "article-2021"
        ]
    },
    {
        "id": "order-187",
        "positions": [
            "article-2383",
            "article-890",
            "article-2142"
        ]
    },
    {
        "id": "order-188",
        "positions": [
            "article-2303",
            "article-3232"
        ]
    },
    {
        "id": "order-189",
        "positions": [
            "article-3147",
            "article-2160",
            "article-548",
            "article-407"
        ]
    },
    {
        "id": "order-190",
        "positions": [
            "article-1453",
            "article-1620"
        ]
    },
    {
        "id": "order-191",
        "positions": [
            "article-561",
            "article-1750"
        ]
    },
    {
        "id": "order-192",
        "positions": [
            "article-2180",
            "article-2152"
        ]
    },
    {
        "id": "order-193",
        "positions": [
            "article-2702",
            "article-3106",
            "article-1325"
        ]
    },
    {
        "id": "order-194",
        "positions": [
            "article-1572",
            "article-2778",
            "article-705",
            "article-1145"
        ]
    },
    {
        "id": "order-195",
        "positions": [
            "article-1519",
            "article-2541"
        ]
    },
    {
        "id": "order-196",
        "positions": [
            "article-3041",
            "article-420"
        ]
    },
    {
        "id": "order-197",
        "positions": [
            "article-59",
            "article-2483"
        ]
    },
    {
        "id": "order-198",
        "positions": [
            "article-2713",
            "article-2580",
            "article-973"
        ]
    },
    {
        "id": "order-199",
        "positions": [
            "article-1493",
            "article-621"
        ]
    },
    {
        "id": "order-200",
        "positions": [
            "article-176",
            "article-2374"
        ]
    },
    {
        "id": "order-201",
        "positions": [
            "article-313",
            "article-884",
            "article-69"
        ]
    },
    {
        "id": "order-202",
        "positions": [
            "article-270",
            "article-1885",
            "article-878"
        ]
    },
    {
        "id": "order-203",
        "positions": [
            "article-3244",
            "article-2624",
            "article-443"
        ]
    },
    {
        "id": "order-204",
        "positions": [
            "article-2536",
            "article-2350",
            "article-1116"
        ]
    },
    {
        "id": "order-205",
        "positions": [
            "article-290",
            "article-211",
            "article-1785"
        ]
    },
    {
        "id": "order-206",
        "positions": [
            "article-2793",
            "article-2111"
        ]
    },
    {
        "id": "order-207",
        "positions": [
            "article-407",
            "article-1406"
        ]
    },
    {
        "id": "order-208",
        "positions": [
            "article-2368",
            "article-347"
        ]
    },
    {
        "id": "order-209",
        "positions": [
            "article-461",
            "article-2410",
            "article-602"
        ]
    },
    {
        "id": "order-210",
        "positions": [
            "article-1553",
            "article-1915",
            "article-1798"
        ]
    },
    {
        "id": "order-211",
        "positions": [
            "article-3293",
            "article-1917",
            "article-1934",
            "article-1665"
        ]
    },
    {
        "id": "order-212",
        "positions": [
            "article-2202",
            "article-2225",
            "article-737"
        ]
    },
    {
        "id": "order-213",
        "positions": [
            "article-2183",
            "article-67",
            "article-2702"
        ]
    },
    {
        "id": "order-214",
        "positions": [
            "article-254",
            "article-3181",
            "article-2683"
        ]
    },
    {
        "id": "order-215",
        "positions": [
            "article-1659",
            "article-1033"
        ]
    },
    {
        "id": "order-216",
        "positions": [
            "article-1397",
            "article-2437"
        ]
    },
    {
        "id": "order-217",
        "positions": [
            "article-196",
            "article-2070",
            "article-1616"
        ]
    },
    {
        "id": "order-218",
        "positions": [
            "article-1275",
            "article-2333",
            "article-1622",
            "article-1803"
        ]
    },
    {
        "id": "order-219",
        "positions": [
            "article-2871",
            "article-18",
            "article-2993",
            "article-713"
        ]
    },
    {
        "id": "order-220",
        "positions": [
            "article-2724",
            "article-745",
            "article-1517",
            "article-2652"
        ]
    },
    {
        "id": "order-221",
        "positions": [
            "article-258",
            "article-1029",
            "article-3229"
        ]
    },
    {
        "id": "order-222",
        "positions": [
            "article-1851",
            "article-2665"
        ]
    },
    {
        "id": "order-223",
        "positions": [
            "article-497",
            "article-2762",
            "article-2958",
            "article-893"
        ]
    },
    {
        "id": "order-224",
        "positions": [
            "article-680",
            "article-1711",
            "article-1034"
        ]
    },
    {
        "id": "order-225",
        "positions": [
            "article-2355",
            "article-2908",
            "article-2485"
        ]
    },
    {
        "id": "order-226",
        "positions": [
            "article-2004",
            "article-1315"
        ]
    },
    {
        "id": "order-227",
        "positions": [
            "article-247",
            "article-823",
            "article-1182",
            "article-1607"
        ]
    },
    {
        "id": "order-228",
        "positions": [
            "article-2630",
            "article-1380"
        ]
    },
    {
        "id": "order-229",
        "positions": [
            "article-2056",
            "article-659",
            "article-1791"
        ]
    },
    {
        "id": "order-230",
        "positions": [
            "article-1784",
            "article-777",
            "article-824"
        ]
    },
    {
        "id": "order-231",
        "positions": [
            "article-2611",
            "article-553",
            "article-131"
        ]
    },
    {
        "id": "order-232",
        "positions": [
            "article-269",
            "article-2200"
        ]
    },
    {
        "id": "order-233",
        "positions": [
            "article-1079",
            "article-941",
            "article-1549"
        ]
    },
    {
        "id": "order-234",
        "positions": [
            "article-269",
            "article-1759"
        ]
    },
    {
        "id": "order-235",
        "positions": [
            "article-239",
            "article-1045"
        ]
    },
    {
        "id": "order-236",
        "positions": [
            "article-2087",
            "article-866",
            "article-2385"
        ]
    },
    {
        "id": "order-237",
        "positions": [
            "article-1043",
            "article-639",
            "article-1748"
        ]
    },
    {
        "id": "order-238",
        "positions": [
            "article-3251",
            "article-665"
        ]
    },
    {
        "id": "order-239",
        "positions": [
            "article-229",
            "article-1741"
        ]
    },
    {
        "id": "order-240",
        "positions": [
            "article-73",
            "article-634"
        ]
    },
    {
        "id": "order-241",
        "positions": [
            "article-1646",
            "article-778",
            "article-3124"
        ]
    },
    {
        "id": "order-242",
        "positions": [
            "article-1071",
            "article-1324"
        ]
    },
    {
        "id": "order-243",
        "positions": [
            "article-3179",
            "article-2906"
        ]
    },
    {
        "id": "order-244",
        "positions": [
            "article-3262",
            "article-2609"
        ]
    },
    {
        "id": "order-245",
        "positions": [
            "article-1031",
            "article-1364"
        ]
    },
    {
        "id": "order-246",
        "positions": [
            "article-359",
            "article-515",
            "article-1693"
        ]
    },
    {
        "id": "order-247",
        "positions": [
            "article-1272",
            "article-2961",
            "article-3301"
        ]
    },
    {
        "id": "order-248",
        "positions": [
            "article-1447",
            "article-703"
        ]
    },
    {
        "id": "order-249",
        "positions": [
            "article-2573",
            "article-1371",
            "article-151",
            "article-2536"
        ]
    },
    {
        "id": "order-250",
        "positions": [
            "article-1541",
            "article-2821"
        ]
    },
    {
        "id": "order-251",
        "positions": [
            "article-568",
            "article-618"
        ]
    },
    {
        "id": "order-252",
        "positions": [
            "article-2992",
            "article-3072"
        ]
    },
    {
        "id": "order-253",
        "positions": [
            "article-9",
            "article-613",
            "article-1604",
            "article-333"
        ]
    },
    {
        "id": "order-254",
        "positions": [
            "article-672",
            "article-111"
        ]
    },
    {
        "id": "order-255",
        "positions": [
            "article-1886",
            "article-791",
            "article-2492"
        ]
    },
    {
        "id": "order-256",
        "positions": [
            "article-661",
            "article-1692"
        ]
    },
    {
        "id": "order-257",
        "positions": [
            "article-2473",
            "article-1661"
        ]
    },
    {
        "id": "order-258",
        "positions": [
            "article-453",
            "article-2454",
            "article-2752"
        ]
    },
    {
        "id": "order-259",
        "positions": [
            "article-1475",
            "article-63",
            "article-2720"
        ]
    },
    {
        "id": "order-260",
        "positions": [
            "article-1316",
            "article-2951",
            "article-2406"
        ]
    },
    {
        "id": "order-261",
        "positions": [
            "article-2102",
            "article-498",
            "article-2829"
        ]
    },
    {
        "id": "order-262",
        "positions": [
            "article-2795",
            "article-407",
            "article-2015"
        ]
    },
    {
        "id": "order-263",
        "positions": [
            "article-2466",
            "article-377"
        ]
    },
    {
        "id": "order-264",
        "positions": [
            "article-2234",
            "article-1380",
            "article-487"
        ]
    },
    {
        "id": "order-265",
        "positions": [
            "article-2942",
            "article-2033",
            "article-2908"
        ]
    },
    {
        "id": "order-266",
        "positions": [
            "article-651",
            "article-1154",
            "article-1195"
        ]
    },
    {
        "id": "order-267",
        "positions": [
            "article-2447",
            "article-2618",
            "article-499",
            "article-2386"
        ]
    },
    {
        "id": "order-268",
        "positions": [
            "article-2471",
            "article-3269",
            "article-891"
        ]
    },
    {
        "id": "order-269",
        "positions": [
            "article-810",
            "article-2328"
        ]
    },
    {
        "id": "order-270",
        "positions": [
            "article-38",
            "article-2227"
        ]
    },
    {
        "id": "order-271",
        "positions": [
            "article-1079",
            "article-201",
            "article-1000",
            "article-1336",
            "article-3186"
        ]
    },
    {
        "id": "order-272",
        "positions": [
            "article-3047",
            "article-1579",
            "article-2988"
        ]
    },
    {
        "id": "order-273",
        "positions": [
            "article-1422",
            "article-359"
        ]
    },
    {
        "id": "order-274",
        "positions": [
            "article-3310",
            "article-543"
        ]
    },
    {
        "id": "order-275",
        "positions": [
            "article-899",
            "article-2738"
        ]
    },
    {
        "id": "order-276",
        "positions": [
            "article-340",
            "article-3145",
            "article-408",
            "article-3226",
            "article-582"
        ]
    },
    {
        "id": "order-277",
        "positions": [
            "article-401",
            "article-2778",
            "article-1524",
            "article-866"
        ]
    },
    {
        "id": "order-278",
        "positions": [
            "article-2079",
            "article-352"
        ]
    },
    {
        "id": "order-279",
        "positions": [
            "article-1137",
            "article-2360",
            "article-2730"
        ]
    },
    {
        "id": "order-280",
        "positions": [
            "article-696",
            "article-1945"
        ]
    },
    {
        "id": "order-281",
        "positions": [
            "article-991",
            "article-2112"
        ]
    },
    {
        "id": "order-282",
        "positions": [
            "article-3326",
            "article-1757",
            "article-170"
        ]
    },
    {
        "id": "order-283",
        "positions": [
            "article-1503",
            "article-2576"
        ]
    },
    {
        "id": "order-284",
        "positions": [
            "article-1532",
            "article-1823",
            "article-395"
        ]
    },
    {
        "id": "order-285",
        "positions": [
            "article-1310",
            "article-288"
        ]
    },
    {
        "id": "order-286",
        "positions": [
            "article-1401",
            "article-1211",
            "article-18",
            "article-3206"
        ]
    },
    {
        "id": "order-287",
        "positions": [
            "article-3079",
            "article-3175"
        ]
    },
    {
        "id": "order-288",
        "positions": [
            "article-2456",
            "article-2966"
        ]
    },
    {
        "id": "order-289",
        "positions": [
            "article-1589",
            "article-2257",
            "article-1770"
        ]
    },
    {
        "id": "order-290",
        "positions": [
            "article-2302",
            "article-455"
        ]
    },
    {
        "id": "order-291",
        "positions": [
            "article-1128",
            "article-13"
        ]
    },
    {
        "id": "order-292",
        "positions": [
            "article-1652",
            "article-597",
            "article-1738"
        ]
    },
    {
        "id": "order-293",
        "positions": [
            "article-2185",
            "article-2166"
        ]
    },
    {
        "id": "order-294",
        "positions": [
            "article-2750",
            "article-2791"
        ]
    },
    {
        "id": "order-295",
        "positions": [
            "article-1552",
            "article-2992"
        ]
    },
    {
        "id": "order-296",
        "positions": [
            "article-1160",
            "article-1049"
        ]
    },
    {
        "id": "order-297",
        "positions": [
            "article-2557",
            "article-1626"
        ]
    },
    {
        "id": "order-298",
        "positions": [
            "article-2141",
            "article-2026",
            "article-112",
            "article-690"
        ]
    },
    {
        "id": "order-299",
        "positions": [
            "article-1144",
            "article-1694"
        ]
    },
    {
        "id": "order-300",
        "positions": [
            "article-1438",
            "article-267",
            "article-2271",
            "article-2520"
        ]
    },
    {
        "id": "order-301",
        "positions": [
            "article-2537",
            "article-954",
            "article-1981",
            "article-1541",
            "article-2020"
        ]
    },
    {
        "id": "order-302",
        "positions": [
            "article-2190",
            "article-243",
            "article-1551",
            "article-68"
        ]
    },
    {
        "id": "order-303",
        "positions": [
            "article-3065",
            "article-2121"
        ]
    },
    {
        "id": "order-304",
        "positions": [
            "article-923",
            "article-950"
        ]
    },
    {
        "id": "order-305",
        "positions": [
            "article-292",
            "article-1452"
        ]
    },
    {
        "id": "order-306",
        "positions": [
            "article-1351",
            "article-799"
        ]
    },
    {
        "id": "order-307",
        "positions": [
            "article-1051",
            "article-2363"
        ]
    },
    {
        "id": "order-308",
        "positions": [
            "article-2487",
            "article-1712"
        ]
    },
    {
        "id": "order-309",
        "positions": [
            "article-3238",
            "article-2763",
            "article-1606",
            "article-137",
            "article-1691"
        ]
    },
    {
        "id": "order-310",
        "positions": [
            "article-2839",
            "article-955"
        ]
    },
    {
        "id": "order-311",
        "positions": [
            "article-1232",
            "article-2490",
            "article-2991"
        ]
    },
    {
        "id": "order-312",
        "positions": [
            "article-1019",
            "article-2881",
            "article-1953"
        ]
    },
    {
        "id": "order-313",
        "positions": [
            "article-1545",
            "article-2811",
            "article-2934"
        ]
    },
    {
        "id": "order-314",
        "positions": [
            "article-550",
            "article-1268"
        ]
    },
    {
        "id": "order-315",
        "positions": [
            "article-595",
            "article-1248",
            "article-716"
        ]
    },
    {
        "id": "order-316",
        "positions": [
            "article-2624",
            "article-2078"
        ]
    },
    {
        "id": "order-317",
        "positions": [
            "article-206",
            "article-3192",
            "article-2256",
            "article-2878"
        ]
    },
    {
        "id": "order-318",
        "positions": [
            "article-266",
            "article-2525"
        ]
    },
    {
        "id": "order-319",
        "positions": [
            "article-1983",
            "article-1811",
            "article-2827",
            "article-3123"
        ]
    },
    {
        "id": "order-320",
        "positions": [
            "article-619",
            "article-1689"
        ]
    },
    {
        "id": "order-321",
        "positions": [
            "article-1525",
            "article-303"
        ]
    },
    {
        "id": "order-322",
        "positions": [
            "article-2811",
            "article-3169",
            "article-615"
        ]
    },
    {
        "id": "order-323",
        "positions": [
            "article-320",
            "article-2728"
        ]
    },
    {
        "id": "order-324",
        "positions": [
            "article-2336",
            "article-1351",
            "article-2146"
        ]
    },
    {
        "id": "order-325",
        "positions": [
            "article-3271",
            "article-1041",
            "article-1610"
        ]
    },
    {
        "id": "order-326",
        "positions": [
            "article-3327",
            "article-3042"
        ]
    },
    {
        "id": "order-327",
        "positions": [
            "article-956",
            "article-1936"
        ]
    },
    {
        "id": "order-328",
        "positions": [
            "article-1195",
            "article-1327"
        ]
    },
    {
        "id": "order-329",
        "positions": [
            "article-441",
            "article-3314",
            "article-206"
        ]
    },
    {
        "id": "order-330",
        "positions": [
            "article-47",
            "article-3296"
        ]
    },
    {
        "id": "order-331",
        "positions": [
            "article-1297",
            "article-3057"
        ]
    },
    {
        "id": "order-332",
        "positions": [
            "article-2252",
            "article-129"
        ]
    },
    {
        "id": "order-333",
        "positions": [
            "article-997",
            "article-3315",
            "article-3100"
        ]
    },
    {
        "id": "order-334",
        "positions": [
            "article-1710",
            "article-1983"
        ]
    },
    {
        "id": "order-335",
        "positions": [
            "article-125",
            "article-440",
            "article-1838"
        ]
    },
    {
        "id": "order-336",
        "positions": [
            "article-1422",
            "article-2553"
        ]
    },
    {
        "id": "order-337",
        "positions": [
            "article-790",
            "article-3187"
        ]
    },
    {
        "id": "order-338",
        "positions": [
            "article-308",
            "article-3259",
            "article-2317"
        ]
    },
    {
        "id": "order-339",
        "positions": [
            "article-2447",
            "article-3060"
        ]
    },
    {
        "id": "order-340",
        "positions": [
            "article-1942",
            "article-1204",
            "article-1599",
            "article-2887",
            "article-1326",
            "article-1590"
        ]
    },
    {
        "id": "order-341",
        "positions": [
            "article-2349",
            "article-1241"
        ]
    },
    {
        "id": "order-342",
        "positions": [
            "article-3125",
            "article-1916"
        ]
    },
    {
        "id": "order-343",
        "positions": [
            "article-891",
            "article-21",
            "article-1218"
        ]
    },
    {
        "id": "order-344",
        "positions": [
            "article-1244",
            "article-140",
            "article-2845"
        ]
    },
    {
        "id": "order-345",
        "positions": [
            "article-2812",
            "article-2701",
            "article-2820"
        ]
    },
    {
        "id": "order-346",
        "positions": [
            "article-1431",
            "article-652"
        ]
    },
    {
        "id": "order-347",
        "positions": [
            "article-76",
            "article-2007",
            "article-890"
        ]
    },
    {
        "id": "order-348",
        "positions": [
            "article-1289",
            "article-2899",
            "article-436",
            "article-1466"
        ]
    },
    {
        "id": "order-349",
        "positions": [
            "article-5",
            "article-447"
        ]
    },
    {
        "id": "order-350",
        "positions": [
            "article-2242",
            "article-1982"
        ]
    },
    {
        "id": "order-351",
        "positions": [
            "article-523",
            "article-2009"
        ]
    },
    {
        "id": "order-352",
        "positions": [
            "article-2298",
            "article-2310"
        ]
    },
    {
        "id": "order-353",
        "positions": [
            "article-2969",
            "article-3075"
        ]
    },
    {
        "id": "order-354",
        "positions": [
            "article-247",
            "article-414"
        ]
    },
    {
        "id": "order-355",
        "positions": [
            "article-3267",
            "article-3236",
            "article-3151",
            "article-1793"
        ]
    },
    {
        "id": "order-356",
        "positions": [
            "article-888",
            "article-1220"
        ]
    },
    {
        "id": "order-357",
        "positions": [
            "article-577",
            "article-2109"
        ]
    },
    {
        "id": "order-358",
        "positions": [
            "article-1389",
            "article-2551"
        ]
    },
    {
        "id": "order-359",
        "positions": [
            "article-1169",
            "article-3249",
            "article-3252"
        ]
    },
    {
        "id": "order-360",
        "positions": [
            "article-2345",
            "article-2170",
            "article-490"
        ]
    },
    {
        "id": "order-361",
        "positions": [
            "article-816",
            "article-554"
        ]
    },
    {
        "id": "order-362",
        "positions": [
            "article-179",
            "article-1175",
            "article-1637",
            "article-2969",
            "article-648"
        ]
    },
    {
        "id": "order-363",
        "positions": [
            "article-1585",
            "article-320",
            "article-304"
        ]
    },
    {
        "id": "order-364",
        "positions": [
            "article-2235",
            "article-316"
        ]
    },
    {
        "id": "order-365",
        "positions": [
            "article-2119",
            "article-135",
            "article-1877"
        ]
    },
    {
        "id": "order-366",
        "positions": [
            "article-3056",
            "article-2144"
        ]
    },
    {
        "id": "order-367",
        "positions": [
            "article-2246",
            "article-1813"
        ]
    },
    {
        "id": "order-368",
        "positions": [
            "article-438",
            "article-3266"
        ]
    },
    {
        "id": "order-369",
        "positions": [
            "article-3122",
            "article-1250",
            "article-2725",
            "article-2094"
        ]
    },
    {
        "id": "order-370",
        "positions": [
            "article-96",
            "article-2500",
            "article-3294"
        ]
    },
    {
        "id": "order-371",
        "positions": [
            "article-1395",
            "article-304",
            "article-319"
        ]
    },
    {
        "id": "order-372",
        "positions": [
            "article-189",
            "article-992",
            "article-1007"
        ]
    },
    {
        "id": "order-373",
        "positions": [
            "article-314",
            "article-327"
        ]
    },
    {
        "id": "order-374",
        "positions": [
            "article-2673",
            "article-1561",
            "article-2328",
            "article-571"
        ]
    },
    {
        "id": "order-375",
        "positions": [
            "article-1444",
            "article-2315",
            "article-3227"
        ]
    },
    {
        "id": "order-376",
        "positions": [
            "article-2929",
            "article-878"
        ]
    },
    {
        "id": "order-377",
        "positions": [
            "article-2468",
            "article-2460"
        ]
    },
    {
        "id": "order-378",
        "positions": [
            "article-356",
            "article-1797",
            "article-2353",
            "article-227"
        ]
    },
    {
        "id": "order-379",
        "positions": [
            "article-1738",
            "article-1873",
            "article-865"
        ]
    },
    {
        "id": "order-380",
        "positions": [
            "article-466",
            "article-2656",
            "article-443"
        ]
    },
    {
        "id": "order-381",
        "positions": [
            "article-2720",
            "article-728"
        ]
    },
    {
        "id": "order-382",
        "positions": [
            "article-2986",
            "article-2790"
        ]
    },
    {
        "id": "order-383",
        "positions": [
            "article-1656",
            "article-814"
        ]
    },
    {
        "id": "order-384",
        "positions": [
            "article-1027",
            "article-2283"
        ]
    },
    {
        "id": "order-385",
        "positions": [
            "article-3024",
            "article-1740",
            "article-1859"
        ]
    },
    {
        "id": "order-386",
        "positions": [
            "article-2679",
            "article-2025"
        ]
    },
    {
        "id": "order-387",
        "positions": [
            "article-1509",
            "article-533",
            "article-2886"
        ]
    },
    {
        "id": "order-388",
        "positions": [
            "article-289",
            "article-2542"
        ]
    },
    {
        "id": "order-389",
        "positions": [
            "article-2845",
            "article-885"
        ]
    },
    {
        "id": "order-390",
        "positions": [
            "article-714",
            "article-2490",
            "article-2098",
            "article-3064",
            "article-2648"
        ]
    },
    {
        "id": "order-391",
        "positions": [
            "article-2283",
            "article-1317"
        ]
    },
    {
        "id": "order-392",
        "positions": [
            "article-145",
            "article-1233"
        ]
    },
    {
        "id": "order-393",
        "positions": [
            "article-2953",
            "article-650",
            "article-16"
        ]
    },
    {
        "id": "order-394",
        "positions": [
            "article-301",
            "article-483"
        ]
    },
    {
        "id": "order-395",
        "positions": [
            "article-3238",
            "article-2823",
            "article-2209"
        ]
    },
    {
        "id": "order-396",
        "positions": [
            "article-2850",
            "article-3131",
            "article-2"
        ]
    },
    {
        "id": "order-397",
        "positions": [
            "article-718",
            "article-2113"
        ]
    },
    {
        "id": "order-398",
        "positions": [
            "article-2858",
            "article-1432"
        ]
    },
    {
        "id": "order-399",
        "positions": [
            "article-733",
            "article-1390",
            "article-1180"
        ]
    },
    {
        "id": "order-400",
        "positions": [
            "article-463",
            "article-288"
        ]
    },
    {
        "id": "order-401",
        "positions": [
            "article-2256",
            "article-2174",
            "article-492",
            "article-369"
        ]
    },
    {
        "id": "order-402",
        "positions": [
            "article-2852",
            "article-2812",
            "article-1717"
        ]
    },
    {
        "id": "order-403",
        "positions": [
            "article-3087",
            "article-1996",
            "article-3064",
            "article-1046"
        ]
    },
    {
        "id": "order-404",
        "positions": [
            "article-376",
            "article-303"
        ]
    },
    {
        "id": "order-405",
        "positions": [
            "article-1736",
            "article-3197"
        ]
    },
    {
        "id": "order-406",
        "positions": [
            "article-2250",
            "article-2020"
        ]
    },
    {
        "id": "order-407",
        "positions": [
            "article-3146",
            "article-1377",
            "article-546"
        ]
    },
    {
        "id": "order-408",
        "positions": [
            "article-528",
            "article-1048"
        ]
    },
    {
        "id": "order-409",
        "positions": [
            "article-2486",
            "article-1912",
            "article-1649"
        ]
    },
    {
        "id": "order-410",
        "positions": [
            "article-2513",
            "article-3132"
        ]
    },
    {
        "id": "order-411",
        "positions": [
            "article-574",
            "article-1888"
        ]
    },
    {
        "id": "order-412",
        "positions": [
            "article-680",
            "article-2583"
        ]
    },
    {
        "id": "order-413",
        "positions": [
            "article-1627",
            "article-618",
            "article-1421"
        ]
    },
    {
        "id": "order-414",
        "positions": [
            "article-3292",
            "article-1652"
        ]
    },
    {
        "id": "order-415",
        "positions": [
            "article-400",
            "article-2541",
            "article-830",
            "article-1723",
            "article-2810",
            "article-2357"
        ]
    },
    {
        "id": "order-416",
        "positions": [
            "article-998",
            "article-3061",
            "article-2640"
        ]
    },
    {
        "id": "order-417",
        "positions": [
            "article-1550",
            "article-2297",
            "article-1301",
            "article-84"
        ]
    },
    {
        "id": "order-418",
        "positions": [
            "article-2824",
            "article-3275",
            "article-234",
            "article-2851"
        ]
    },
    {
        "id": "order-419",
        "positions": [
            "article-1267",
            "article-384"
        ]
    },
    {
        "id": "order-420",
        "positions": [
            "article-2113",
            "article-1617",
            "article-822",
            "article-2349"
        ]
    },
    {
        "id": "order-421",
        "positions": [
            "article-654",
            "article-241"
        ]
    },
    {
        "id": "order-422",
        "positions": [
            "article-1124",
            "article-841",
            "article-2250",
            "article-736",
            "article-1116"
        ]
    },
    {
        "id": "order-423",
        "positions": [
            "article-2479",
            "article-1577"
        ]
    },
    {
        "id": "order-424",
        "positions": [
            "article-1524",
            "article-391",
            "article-1355"
        ]
    },
    {
        "id": "order-425",
        "positions": [
            "article-1198",
            "article-1110"
        ]
    },
    {
        "id": "order-426",
        "positions": [
            "article-455",
            "article-512",
            "article-1763"
        ]
    },
    {
        "id": "order-427",
        "positions": [
            "article-668",
            "article-1516"
        ]
    },
    {
        "id": "order-428",
        "positions": [
            "article-1974",
            "article-2179",
            "article-867"
        ]
    },
    {
        "id": "order-429",
        "positions": [
            "article-1284",
            "article-447",
            "article-1535"
        ]
    },
    {
        "id": "order-430",
        "positions": [
            "article-1703",
            "article-2730"
        ]
    },
    {
        "id": "order-431",
        "positions": [
            "article-1705",
            "article-3293"
        ]
    },
    {
        "id": "order-432",
        "positions": [
            "article-1952",
            "article-2396",
            "article-2061"
        ]
    },
    {
        "id": "order-433",
        "positions": [
            "article-678",
            "article-1207"
        ]
    },
    {
        "id": "order-434",
        "positions": [
            "article-995",
            "article-2710"
        ]
    },
    {
        "id": "order-435",
        "positions": [
            "article-1549",
            "article-64"
        ]
    },
    {
        "id": "order-436",
        "positions": [
            "article-792",
            "article-1040"
        ]
    },
    {
        "id": "order-437",
        "positions": [
            "article-523",
            "article-2157",
            "article-58",
            "article-1234",
            "article-668"
        ]
    },
    {
        "id": "order-438",
        "positions": [
            "article-2827",
            "article-2555",
            "article-155"
        ]
    },
    {
        "id": "order-439",
        "positions": [
            "article-174",
            "article-2890"
        ]
    },
    {
        "id": "order-440",
        "positions": [
            "article-886",
            "article-2332",
            "article-2130"
        ]
    },
    {
        "id": "order-441",
        "positions": [
            "article-1019",
            "article-280",
            "article-284",
            "article-1648"
        ]
    },
    {
        "id": "order-442",
        "positions": [
            "article-604",
            "article-3285",
            "article-3244"
        ]
    },
    {
        "id": "order-443",
        "positions": [
            "article-1947",
            "article-2424",
            "article-1937"
        ]
    },
    {
        "id": "order-444",
        "positions": [
            "article-1201",
            "article-2910"
        ]
    },
    {
        "id": "order-445",
        "positions": [
            "article-881",
            "article-1132"
        ]
    },
    {
        "id": "order-446",
        "positions": [
            "article-3218",
            "article-673"
        ]
    },
    {
        "id": "order-447",
        "positions": [
            "article-302",
            "article-1792"
        ]
    },
    {
        "id": "order-448",
        "positions": [
            "article-1216",
            "article-2303"
        ]
    },
    {
        "id": "order-449",
        "positions": [
            "article-1545",
            "article-3240"
        ]
    },
    {
        "id": "order-450",
        "positions": [
            "article-1007",
            "article-1061"
        ]
    },
    {
        "id": "order-451",
        "positions": [
            "article-309",
            "article-886"
        ]
    },
    {
        "id": "order-452",
        "positions": [
            "article-1125",
            "article-2420",
            "article-2644",
            "article-2550"
        ]
    },
    {
        "id": "order-453",
        "positions": [
            "article-400",
            "article-596",
            "article-244"
        ]
    },
    {
        "id": "order-454",
        "positions": [
            "article-439",
            "article-2406"
        ]
    },
    {
        "id": "order-455",
        "positions": [
            "article-1860",
            "article-2568"
        ]
    },
    {
        "id": "order-456",
        "positions": [
            "article-519",
            "article-2877"
        ]
    },
    {
        "id": "order-457",
        "positions": [
            "article-1964",
            "article-313"
        ]
    },
    {
        "id": "order-458",
        "positions": [
            "article-2073",
            "article-994",
            "article-1215",
            "article-142"
        ]
    },
    {
        "id": "order-459",
        "positions": [
            "article-124",
            "article-1083"
        ]
    },
    {
        "id": "order-460",
        "positions": [
            "article-2629",
            "article-358"
        ]
    },
    {
        "id": "order-461",
        "positions": [
            "article-2627",
            "article-1122"
        ]
    },
    {
        "id": "order-462",
        "positions": [
            "article-1600",
            "article-996"
        ]
    },
    {
        "id": "order-463",
        "positions": [
            "article-1175",
            "article-2433",
            "article-861"
        ]
    },
    {
        "id": "order-464",
        "positions": [
            "article-1979",
            "article-2983",
            "article-2328"
        ]
    },
    {
        "id": "order-465",
        "positions": [
            "article-627",
            "article-213",
            "article-366",
            "article-2411"
        ]
    },
    {
        "id": "order-466",
        "positions": [
            "article-2844",
            "article-790",
            "article-640"
        ]
    },
    {
        "id": "order-467",
        "positions": [
            "article-520",
            "article-292"
        ]
    },
    {
        "id": "order-468",
        "positions": [
            "article-233",
            "article-3202"
        ]
    },
    {
        "id": "order-469",
        "positions": [
            "article-1423",
            "article-1093"
        ]
    },
    {
        "id": "order-470",
        "positions": [
            "article-297",
            "article-2596",
            "article-586"
        ]
    },
    {
        "id": "order-471",
        "positions": [
            "article-3219",
            "article-2421"
        ]
    },
    {
        "id": "order-472",
        "positions": [
            "article-2054",
            "article-2885",
            "article-2403"
        ]
    },
    {
        "id": "order-473",
        "positions": [
            "article-2810",
            "article-1040"
        ]
    },
    {
        "id": "order-474",
        "positions": [
            "article-718",
            "article-45",
            "article-2974"
        ]
    },
    {
        "id": "order-475",
        "positions": [
            "article-2458",
            "article-2214"
        ]
    },
    {
        "id": "order-476",
        "positions": [
            "article-51",
            "article-3283"
        ]
    },
    {
        "id": "order-477",
        "positions": [
            "article-204",
            "article-274",
            "article-2969"
        ]
    },
    {
        "id": "order-478",
        "positions": [
            "article-2983",
            "article-931",
            "article-1143",
            "article-935"
        ]
    },
    {
        "id": "order-479",
        "positions": [
            "article-2725",
            "article-2994",
            "article-958",
            "article-2441"
        ]
    },
    {
        "id": "order-480",
        "positions": [
            "article-1712",
            "article-760",
            "article-2542"
        ]
    },
    {
        "id": "order-481",
        "positions": [
            "article-1065",
            "article-3132"
        ]
    },
    {
        "id": "order-482",
        "positions": [
            "article-1248",
            "article-2193"
        ]
    },
    {
        "id": "order-483",
        "positions": [
            "article-3218",
            "article-2781",
            "article-269",
            "article-1435"
        ]
    },
    {
        "id": "order-484",
        "positions": [
            "article-463",
            "article-2736"
        ]
    },
    {
        "id": "order-485",
        "positions": [
            "article-458",
            "article-797"
        ]
    },
    {
        "id": "order-486",
        "positions": [
            "article-1824",
            "article-784"
        ]
    },
    {
        "id": "order-487",
        "positions": [
            "article-1894",
            "article-275"
        ]
    },
    {
        "id": "order-488",
        "positions": [
            "article-1724",
            "article-511",
            "article-2783"
        ]
    },
    {
        "id": "order-489",
        "positions": [
            "article-562",
            "article-2765"
        ]
    },
    {
        "id": "order-490",
        "positions": [
            "article-100",
            "article-753"
        ]
    },
    {
        "id": "order-491",
        "positions": [
            "article-1604",
            "article-2930"
        ]
    },
    {
        "id": "order-492",
        "positions": [
            "article-1058",
            "article-2047"
        ]
    },
    {
        "id": "order-493",
        "positions": [
            "article-3177",
            "article-684"
        ]
    },
    {
        "id": "order-494",
        "positions": [
            "article-1478",
            "article-3043",
            "article-3264",
            "article-2407"
        ]
    },
    {
        "id": "order-495",
        "positions": [
            "article-1513",
            "article-1070"
        ]
    },
    {
        "id": "order-496",
        "positions": [
            "article-1630",
            "article-2327"
        ]
    },
    {
        "id": "order-497",
        "positions": [
            "article-531",
            "article-1361"
        ]
    },
    {
        "id": "order-498",
        "positions": [
            "article-2250",
            "article-3332",
            "article-2229"
        ]
    },
    {
        "id": "order-499",
        "positions": [
            "article-1140",
            "article-2036",
            "article-377",
            "article-2981",
            "article-750"
        ]
    }
]