[
    {
        "id": "order-0",
        "positions": [
            "article-2437",
            "article-2795"
        ]
    },
    {
        "id": "order-1",
        "positions": [
            "article-1766",
            "article-204",
            "article-3284"
        ]
    },
    {
        "id": "order-2",
        "positions": [
            "article-1468",
            "article-1435",
            "article-497"
        ]
    },
    {
        "id": "order-3",
        "positions": [
            "article-1285",
            "article-3010",
            "article-3305",
            "article-2991",
            "article-3102"
        ]
    },
    {
        "id": "order-4",
        "positions": [
            "article-2149",
            "article-2013",
            "article-2496"
        ]
    },
    {
        "id": "order-5",
        "positions": [
            "article-3120",
            "article-1531",
            "article-179"
        ]
    },
    {
        "id": "order-6",
        "positions": [
            "article-1425",
            "article-2040",
            "article-151"
        ]
    },
    {
        "id": "order-7",
        "positions": [
            "article-2234",
            "article-1259"
        ]
    },
    {
        "id": "order-8",
        "positions": [
            "article-1375",
            "article-2316"
        ]
    },
    {
        "id": "order-9",
        "positions": [
            "article-36",
            "article-493"
        ]
    },
    {
        "id": "order-10",
        "positions": [
            "article-3258",
            "article-2106",
            "article-1083"
        ]
    },
    {
        "id": "order-11",
        "positions": [
            "article-760",
            "article-2842"
        ]
    },
    {
        "id": "order-12",
        "positions": [
            "article-1010",
            "article-1128"
        ]
    },
    {
        "id": "order-13",
        "positions": [
            "article-226",
            "article-680"
        ]
    },
    {
        "id": "order-14",
        "positions": [
            "article-1316",
            "article-2683",
            "article-2307"
        ]
    },
    {
        "id": "order-15",
        "positions": [
            "article-2660",
            "article-49"
        ]
    },
    {
        "id": "order-16",
        "positions": [
            "article-2487",
            "article-175"
        ]
    },
    {
        "id": "order-17",
        "positions": [
            "article-3122",
            "article-301"
        ]
    },
    {
        "id": "order-18",
        "positions": [
            "article-1606",
            "article-2669"
        ]
    },
    {
        "id": "order-19",
        "positions": [
            "article-1256",
            "article-1980",
            "article-1738"
        ]
    },
    {
        "id": "order-20",
        "positions": [
            "article-1794",
            "article-861",
            "article-2864"
        ]
    },
    {
        "id": "order-21",
        "positions": [
            "article-2827",
            "article-785"
        ]
    },
    {
        "id": "order-22",
        "positions": [
            "article-218",
            "article-861",
            "article-1436"
        ]
    },
    {
        "id": "order-23",
        "positions": [
            "article-1385",
            "article-1802",
            "article-36",
            "article-1197"
        ]
    },
    {
        "id": "order-24",
        "positions": [
            "article-977",
            "article-3279"
        ]
    },
    {
        "id": "order-25",
        "positions": [
            "article-2808",
            "article-3024",
            "article-2002"
        ]
    },
    {
        "id": "order-26",
        "positions": [
            "article-1800",
            "article-2911",
            "article-439"
        ]
    },
    {
        "id": "order-27",
        "positions": [
            "article-1862",
            "article-853"
        ]
    },
    {
        "id": "order-28",
        "positions": [
            "article-757",
            "article-712",
            "article-2794",
            "article-2878",
            "article-396"
        ]
    },
    {
        "id": "order-29",
        "positions": [
            "article-1171",
            "article-2220"
        ]
    },
    {
        "id": "order-30",
        "positions": [
            "article-2031",
            "article-1017",
            "article-2044"
        ]
    },
    {
        "id": "order-31",
        "positions": [
            "article-416",
            "article-2848"
        ]
    },
    {
        "id": "order-32",
        "positions": [
            "article-1971",
            "article-2419"
        ]
    },
    {
        "id": "order-33",
        "positions": [
            "article-404",
            "article-410",
            "article-984",
            "article-1585"
        ]
    },
    {
        "id": "order-34",
        "positions": [
            "article-3172",
            "article-540",
            "article-885"
        ]
    },
    {
        "id": "order-35",
        "positions": [
            "article-3133",
            "article-903",
            "article-1193"
        ]
    },
    {
        "id": "order-36",
        "positions": [
            "article-3088",
            "article-1580",
            "article-2684",
            "article-3072"
        ]
    },
    {
        "id": "order-37",
        "positions": [
            "article-2289",
            "article-239"
        ]
    },
    {
        "id": "order-38",
        "positions": [
            "article-177",
            "article-2833"
        ]
    },
    {
        "id": "order-39",
        "positions": [
            "article-2080",
            "article-464"
        ]
    },
    {
        "id": "order-40",
        "positions": [
            "article-2219",
            "article-1893"
        ]
    },
    {
        "id": "order-41",
        "positions": [
            "article-1775",
            "article-2194"
        ]
    },
    {
        "id": "order-42",
        "positions": [
            "article-947",
            "article-571",
            "article-1956",
            "article-2818"
        ]
    },
    {
        "id": "order-43",
        "positions": [
            "article-96",
            "article-690"
        ]
    },
    {
        "id": "order-44",
        "positions": [
            "article-2305",
            "article-2020"
        ]
    },
    {
        "id": "order-45",
        "positions": [
            "article-2579",
            "article-460"
        ]
    },
    {
        "id": "order-46",
        "positions": [
            "article-3021",
            "article-585"
        ]
    },
    {
        "id": "order-47",
        "positions": [
            "article-776",
            "article-385"
        ]
    },
    {
        "id": "order-48",
        "positions": [
            "article-1278",
            "article-427"
        ]
    },
    {
        "id": "order-49",
        "positions": [
            "article-1583",
            "article-835",
            "article-1213"
        ]
    },
    {
        "id": "order-50",
        "positions": [
            "article-2519",
            "article-945"
        ]
    },
    {
        "id": "order-51",
        "positions": [
            "article-3321",
            "article-474",
            "article-639"
        ]
    },
    {
        "id": "order-52",
        "positions": [
            "article-1057",
            "article-2083"
        ]
    },
    {
        "id": "order-53",
        "positions": [
            "article-2230",
            "article-2266"
        ]
    },
    {
        "id": "order-54",
        "positions": [
            "article-11",
            "article-198",
            "article-2873"
        ]
    },
    {
        "id": "order-55",
        "positions": [
            "article-1472",
            "article-3017",
            "article-3131"
        ]
    },
    {
        "id": "order-56",
        "positions": [
            "article-1637",
            "article-1492"
        ]
    },
    {
        "id": "order-57",
        "positions": [
            "article-1064",
            "article-976",
            "article-60"
        ]
    },
    {
        "id": "order-58",
        "positions": [
            "article-8",
            "article-1761",
            "article-806"
        ]
    },
    {
        "id": "order-59",
        "positions": [
            "article-2378",
            "article-649",
            "article-1792",
            "article-1720"
        ]
    },
    {
        "id": "order-60",
        "positions": [
            "article-2611",
            "article-1807"
        ]
    },
    {
        "id": "order-61",
        "positions": [
            "article-178",
            "article-835",
            "article-618",
            "article-2632"
        ]
    },
    {
        "id": "order-62",
        "positions": [
            "article-2861",
            "article-1387"
        ]
    },
    {
        "id": "order-63",
        "positions": [
            "article-1141",
            "article-2253",
            "article-170"
        ]
    },
    {
        "id": "order-64",
        "positions": [
            "article-848",
            "article-1385"
        ]
    },
    {
        "id": "order-65",
        "positions": [
            "article-1621",
            "article-2485"
        ]
    },
    {
        "id": "order-66",
        "positions": [
            "article-311",
            "article-282",
            "article-2807"
        ]
    },
    {
        "id": "order-67",
        "positions": [
            "article-1974",
            "article-1454",
            "article-1585"
        ]
    },
    {
        "id": "order-68",
        "positions": [
            "article-878",
            "article-2879"
        ]
    },
    {
        "id": "order-69",
        "positions": [
            "article-1190",
            "article-1406",
            "article-1414"
        ]
    },
    {
        "id": "order-70",
        "positions": [
            "article-2113",
            "article-3241"
        ]
    },
    {
        "id": "order-71",
        "positions": [
            "article-1183",
            "article-293"
        ]
    },
    {
        "id": "order-72",
        "positions": [
            "article-2106",
            "article-678"
        ]
    },
    {
        "id": "order-73",
        "positions": [
            "article-3217",
            "article-2724"
        ]
    },
    {
        "id": "order-74",
        "positions": [
            "article-58",
            "article-2700"
        ]
    },
    {
        "id": "order-75",
        "positions": [
            "article-2837",
            "article-2024",
            "article-2809"
        ]
    },
    {
        "id": "order-76",
        "positions": [
            "article-83",
            "article-1491",
            "article-3095",
            "article-507"
        ]
    },
    {
        "id": "order-77",
        "positions": [
            "article-620",
            "article-438"
        ]
    },
    {
        "id": "order-78",
        "positions": [
            "article-927",
            "article-245",
            "article-2595",
            "article-256"
        ]
    },
    {
        "id": "order-79",
        "positions": [
            "article-2490",
            "article-868"
        ]
    },
    {
        "id": "order-80",
        "positions": [
            "article-1208",
            "article-1162"
        ]
    },
    {
        "id": "order-81",
        "positions": [
            "article-2750",
            "article-2122"
        ]
    },
    {
        "id": "order-82",
        "positions": [
            "article-1078",
            "article-1275"
        ]
    },
    {
        "id": "order-83",
        "positions": [
            "article-638",
            "article-885",
            "article-1464"
        ]
    },
    {
        "id": "order-84",
        "positions": [
            "article-230",
            "article-577",
            "article-302"
        ]
    },
    {
        "id": "order-85",
        "positions": [
            "article-764",
            "article-23",
            "article-826"
        ]
    },
    {
        "id": "order-86",
        "positions": [
            "article-355",
            "article-1173"
        ]
    },
    {
        "id": "order-87",
        "positions": [
            "article-1631",
            "article-1509"
        ]
    },
    {
        "id": "order-88",
        "positions": [
            "article-1644",
            "article-351"
        ]
    },
    {
        "id": "order-89",
        "positions": [
            "article-3216",
            "article-1193"
        ]
    },
    {
        "id": "order-90",
        "positions": [
            "article-2228",
            "article-1172"
        ]
    },
    {
        "id": "order-91",
        "positions": [
            "article-788",
            "article-659"
        ]
    },
    {
        "id": "order-92",
        "positions": [
            "article-621",
            "article-1237"
        ]
    },
    {
        "id": "order-93",
        "positions": [
            "article-1148",
            "article-2820",
            "article-2597"
        ]
    },
    {
        "id": "order-94",
        "positions": [
            "article-2598",
            "article-2359"
        ]
    },
    {
        "id": "order-95",
        "positions": [
            "article-2980",
            "article-2969",
            "article-1625",
            "article-346"
        ]
    },
    {
        "id": "order-96",
        "positions": [
            "article-1197",
            "article-2046"
        ]
    },
    {
        "id": "order-97",
        "positions": [
            "article-2278",
            "article-93",
            "article-2494",
            "article-1953"
        ]
    },
    {
        "id": "order-98",
        "positions": [
            "article-3001",
            "article-1649"
        ]
    },
    {
        "id": "order-99",
        "positions": [
            "article-2212",
            "article-169"
        ]
    },
    {
        "id": "order-100",
        "positions": [
            "article-1313",
            "article-2108"
        ]
    },
    {
        "id": "order-101",
        "positions": [
            "article-1601",
            "article-1382"
        ]
    },
    {
        "id": "order-102",
        "positions": [
            "article-3058",
            "article-3264"
        ]
    },
    {
        "id": "order-103",
        "positions": [
            "article-1874",
            "article-2857"
        ]
    },
    {
        "id": "order-104",
        "positions": [
            "article-2610",
            "article-2166",
            "article-500"
        ]
    },
    {
        "id": "order-105",
        "positions": [
            "article-588",
            "article-2163"
        ]
    },
    {
        "id": "order-106",
        "positions": [
            "article-54",
            "article-208",
            "article-3258"
        ]
    },
    {
        "id": "order-107",
        "positions": [
            "article-2442",
            "article-1834"
        ]
    },
    {
        "id": "order-108",
        "positions": [
            "article-2709",
            "article-1106",
            "article-2822"
        ]
    },
    {
        "id": "order-109",
        "positions": [
            "article-2924",
            "article-2466",
            "article-2288"
        ]
    },
    {
        "id": "order-110",
        "positions": [
            "article-3184",
            "article-2805"
        ]
    },
    {
        "id": "order-111",
        "positions": [
            "article-513",
            "article-126",
            "article-1437",
            "article-2328"
        ]
    },
    {
        "id": "order-112",
        "positions": [
            "article-1495",
            "article-3189"
        ]
    },
    {
        "id": "order-113",
        "positions": [
            "article-1934",
            "article-211",
            "article-3115"
        ]
    },
    {
        "id": "order-114",
        "positions": [
            "article-2590",
            "article-1795"
        ]
    },
    {
        "id": "order-115",
        "positions": [
            "article-2757",
            "article-332",
            "article-717"
        ]
    },
    {
        "id": "order-116",
        "positions": [
            "article-20",
            "article-772"
        ]
    },
    {
        "id": "order-117",
        "positions": [
            "article-638",
            "article-929"
        ]
    },
    {
        "id": "order-118",
        "positions": [
            "article-3301",
            "article-1261"
        ]
    },
    {
        "id": "order-119",
        "positions": [
            "article-1515",
            "article-275"
        ]
    },
    {
        "id": "order-120",
        "positions": [
            "article-1886",
            "article-1217"
        ]
    },
    {
        "id": "order-121",
        "positions": [
            "article-2170",
            "article-824"
        ]
    },
    {
        "id": "order-122",
        "positions": [
            "article-268",
            "article-1157",
            "article-427"
        ]
    },
    {
        "id": "order-123",
        "positions": [
            "article-2798",
            "article-2246",
            "article-2278",
            "article-2917"
        ]
    },
    {
        "id": "order-124",
        "positions": [
            "article-2904",
            "article-2704",
            "article-3200"
        ]
    },
    {
        "id": "order-125",
        "positions": [
            "article-3177",
            "article-2102",
            "article-951",
            "article-2809"
        ]
    },
    {
        "id": "order-126",
        "positions": [
            "article-1464",
            "article-2615"
        ]
    },
    {
        "id": "order-127",
        "positions": [
            "article-1117",
            "article-1844"
        ]
    },
    {
        "id": "order-128",
        "positions": [
            "article-2388",
            "article-2160"
        ]
    },
    {
        "id": "order-129",
        "positions": [
            "article-2045",
            "article-374",
            "article-585",
            "article-840"
        ]
    },
    {
        "id": "order-130",
        "positions": [
            "article-629",
            "article-722",
            "article-2196",
            "article-2174"
        ]
    },
    {
        "id": "order-131",
        "positions": [
            "article-592",
            "article-1860"
        ]
    },
    {
        "id": "order-132",
        "positions": [
            "article-1355",
            "article-3277",
            "article-2419"
        ]
    },
    {
        "id": "order-133",
        "positions": [
            "article-969",
            "article-2549"
        ]
    },
    {
        "id": "order-134",
        "positions": [
            "article-2584",
            "article-1599"
        ]
    },
    {
        "id": "order-135",
        "positions": [
            "article-927",
            "article-1504",
            "article-2203"
        ]
    },
    {
        "id": "order-136",
        "positions": [
            "article-2893",
            "article-932"
        ]
    },
    {
        "id": "order-137",
        "positions": [
            "article-1044",
            "article-504",
            "article-3224",
            "article-857"
        ]
    },
    {
        "id": "order-138",
        "positions": [
            "article-58",
            "article-62"
        ]
    },
    {
        "id": "order-139",
        "positions": [
            "article-1097",
            "article-2003"
        ]
    },
    {
        "id": "order-140",
        "positions": [
            "article-1341",
            "article-469",
            "article-1710",
            "article-318",
            "article-1703"
        ]
    },
    {
        "id": "order-141",
        "positions": [
            "article-2830",
            "article-867",
            "article-3186"
        ]
    },
    {
        "id": "order-142",
        "positions": [
            "article-2593",
            "article-516",
            "article-2896"
        ]
    },
    {
        "id": "order-143",
        "positions": [
            "article-226",
            "article-1421"
        ]
    },
    {
        "id": "order-144",
        "positions": [
            "article-562",
            "article-428"
        ]
    },
    {
        "id": "order-145",
        "positions": [
            "article-1177",
            "article-2401",
            "article-1769",
            "article-426"
        ]
    },
    {
        "id": "order-146",
        "positions": [
            "article-2547",
            "article-170"
        ]
    },
    {
        "id": "order-147",
        "positions": [
            "article-1263",
            "article-1007"
        ]
    },
    {
        "id": "order-148",
        "positions": [
            "article-2848",
            "article-935"
        ]
    },
    {
        "id": "order-149",
        "positions": [
            "article-3164",
            "article-1416",
            "article-1478",
            "article-1240"
        ]
    },
    {
        "id": "order-150",
        "positions": [
            "article-1013",
            "article-822"
        ]
    },
    {
        "id": "order-151",
        "positions": [
            "article-3120",
            "article-285",
            "article-2490"
        ]
    },
    {
        "id": "order-152",
        "positions": [
            "article-501",
            "article-1559",
            "article-2273"
        ]
    },
    {
        "id": "order-153",
        "positions": [
            "article-379",
            "article-762",
            "article-3150"
        ]
    },
    {
        "id": "order-154",
        "positions": [
            "article-1105",
            "article-90"
        ]
    },
    {
        "id": "order-155",
        "positions": [
            "article-97",
            "article-3034"
        ]
    },
    {
        "id": "order-156",
        "positions": [
            "article-848",
            "article-3144",
            "article-1742",
            "article-626"
        ]
    },
    {
        "id": "order-157",
        "positions": [
            "article-2403",
            "article-1733",
            "article-3031"
        ]
    },
    {
        "id": "order-158",
        "positions": [
            "article-2897",
            "article-3292"
        ]
    },
    {
        "id": "order-159",
        "positions": [
            "article-889",
            "article-3237",
            "article-675"
        ]
    },
    {
        "id": "order-160",
        "positions": [
            "article-427",
            "article-3152",
            "article-1758",
            "article-232"
        ]
    },
    {
        "id": "order-161",
        "positions": [
            "article-649",
            "article-1198"
        ]
    },
    {
        "id": "order-162",
        "positions": [
            "article-1613",
            "article-1087"
        ]
    },
    {
        "id": "order-163",
        "positions": [
            "article-1250",
            "article-2662"
        ]
    },
    {
        "id": "order-164",
        "positions": [
            "article-2263",
            "article-373",
            "article-2811",
            "article-193"
        ]
    },
    {
        "id": "order-165",
        "positions": [
            "article-2303",
            "article-2679"
        ]
    },
    {
        "id": "order-166",
        "positions": [
            "article-1455",
            "article-89",
            "article-583",
            "article-494"
        ]
    },
    {
        "id": "order-167",
        "positions": [
            "article-951",
            "article-120",
            "article-3009"
        ]
    },
    {
        "id": "order-168",
        "positions": [
            "article-3157",
            "article-2772",
            "article-959"
        ]
    },
    {
        "id": "order-169",
        "positions": [
            "article-3267",
            "article-3104",
            "article-2173"
        ]
    },
    {
        "id": "order-170",
        "positions": [
            "article-2942",
            "article-2693",
            "article-698",
            "article-505"
        ]
    },
    {
        "id": "order-171",
        "positions": [
            "article-537",
            "article-2255"
        ]
    },
    {
        "id": "order-172",
        "positions": [
            "article-143",
            "article-925",
            "article-3289",
            "article-343",
            "article-3306"
        ]
    },
    {
        "id": "order-173",
        "positions": [
            "article-1247",
            "article-29"
        ]
    },
    {
        "id": "order-174",
        "positions": [
            "article-3132",
            "article-3132"
        ]
    },
    {
        "id": "order-175",
        "positions": [
            "article-329",
            "article-2184",
            "article-2169",
            "article-2159",
            "article-2615"
        ]
    },
    {
        "id": "order-176",
        "positions": [
            "article-753",
            "article-535",
            "article-160"
        ]
    },
    {
        "id": "order-177",
        "positions": [
            "article-1440",
            "article-1081",
            "article-1449"
        ]
    },
    {
        "id": "order-178",
        "positions": [
            "article-2391",
            "article-2251"
        ]
    },
    {
        "id": "order-179",
        "positions": [
            "article-2094",
            "article-1739"
        ]
    },
    {
        "id": "order-180",
        "positions": [
            "article-902",
            "article-769",
            "article-1453"
        ]
    },
    {
        "id": "order-181",
        "positions": [
            "article-1675",
            "article-1196",
            "article-1045"
        ]
    },
    {
        "id": "order-182",
        "positions": [
            "article-717",
            "article-638"
        ]
    },
    {
        "id": "order-183",
        "positions": [
            "article-2279",
            "article-1998",
            "article-1138"
        ]
    },
    {
        "id": "order-184",
        "positions": [
            "article-196",
            "article-961"
        ]
    },
    {
        "id": "order-185",
        "positions": [
            "article-1734",
            "article-2467"
        ]
    },
    {
        "id": "order-186",
        "positions": [
            "article-1122",
            "article-2889",
            "article-1106"
        ]
    },
    {
        "id": "order-187",
        "positions": [
            "article-1969",
            "article-1320"
        ]
    },
    {
        "id": "order-188",
        "positions": [
            "article-2713",
            "article-1487"
        ]
    },
    {
        "id": "order-189",
        "positions": [
            "article-2454",
            "article-2224"
        ]
    },
    {
        "id": "order-190",
        "positions": [
            "article-3273",
            "article-71"
        ]
    },
    {
        "id": "order-191",
        "positions": [
            "article-2464",
            "article-304"
        ]
    },
    {
        "id": "order-192",
        "positions": [
            "article-2245",
            "article-1559",
            "article-2396",
            "article-1273"
        ]
    },
    {
        "id": "order-193",
        "positions": [
            "article-3166",
            "article-445"
        ]
    },
    {
        "id": "order-194",
        "positions": [
            "article-903",
            "article-3183",
            "article-704",
            "article-3230"
        ]
    },
    {
        "id": "order-195",
        "positions": [
            "article-1431",
            "article-3125"
        ]
    },
    {
        "id": "order-196",
        "positions": [
            "article-498",
            "article-1745"
        ]
    },
    {
        "id": "order-197",
        "positions": [
            "article-3206",
            "article-163",
            "article-2449"
        ]
    },
    {
        "id": "order-198",
        "positions": [
            "article-3235",
            "article-2194"
        ]
    },
    {
        "id": "order-199",
        "positions": [
            "article-2537",
            "article-1196"
        ]
    },
    {
        "id": "order-200",
        "positions": [
            "article-710",
            "article-3078",
            "article-164"
        ]
    },
    {
        "id": "order-201",
        "positions": [
            "article-1456",
            "article-3205"
        ]
    },
    {
        "id": "order-202",
        "positions": [
            "article-2568",
            "article-1533",
            "article-1380"
        ]
    },
    {
        "id": "order-203",
        "positions": [
            "article-2842",
            "article-2967",
            "article-1753"
        ]
    },
    {
        "id": "order-204",
        "positions": [
            "article-3144",
            "article-832"
        ]
    },
    {
        "id": "order-205",
        "positions": [
            "article-2850",
            "article-303",
            "article-1529",
            "article-1049"
        ]
    },
    {
        "id": "order-206",
        "positions": [
            "article-3071",
            "article-2958"
        ]
    },
    {
        "id": "order-207",
        "positions": [
            "article-762",
            "article-143"
        ]
    },
    {
        "id": "order-208",
        "positions": [
            "article-2578",
            "article-3159",
            "article-262"
        ]
    },
    {
        "id": "order-209",
        "positions": [
            "article-275",
            "article-3286"
        ]
    },
    {
        "id": "order-210",
        "positions": [
            "article-1298",
            "article-488",
            "article-1632",
            "article-2306"
        ]
    },
    {
        "id": "order-211",
        "positions": [
            "article-2251",
            "article-3299"
        ]
    },
    {
        "id": "order-212",
        "positions": [
            "article-2615",
            "article-2372",
            "article-3105"
        ]
    },
    {
        "id": "order-213",
        "positions": [
            "article-2742",
            "article-1406",
            "article-2106",
            "article-642"
        ]
    },
    {
        "id": "order-214",
        "positions": [
            "article-2382",
            "article-1294",
            "article-2723"
        ]
    },
    {
        "id": "order-215",
        "positions": [
            "article-1646",
            "article-1007"
        ]
    },
    {
        "id": "order-216",
        "positions": [
            "article-2012",
            "article-2834"
        ]
    },
    {
        "id": "order-217",
        "positions": [
            "article-2222",
            "article-1264",
            "article-1686"
        ]
    },
    {
        "id": "order-218",
        "positions": [
            "article-3075",
            "article-1154"
        ]
    },
    {
        "id": "order-219",
        "positions": [
            "article-654",
            "article-1451"
        ]
    },
    {
        "id": "order-220",
        "positions": [
            "article-517",
            "article-278"
        ]
    },
    {
        "id": "order-221",
        "positions": [
            "article-1319",
            "article-1697"
        ]
    },
    {
        "id": "order-222",
        "positions": [
            "article-2671",
            "article-1402",
            "article-1159"
        ]
    },
    {
        "id": "order-223",
        "positions": [
            "article-2659",
            "article-1575",
            "article-3033"
        ]
    },
    {
        "id": "order-224",
        "positions": [
            "article-925",
            "article-1908",
            "article-2179"
        ]
    },
    {
        "id": "order-225",
        "positions": [
            "article-1585",
            "article-2848",
            "article-2101"
        ]
    },
    {
        "id": "order-226",
        "positions": [
            "article-1115",
            "article-2889"
        ]
    },
    {
        "id": "order-227",
        "positions": [
            "article-2056",
            "article-587"
        ]
    },
    {
        "id": "order-228",
        "positions": [
            "article-213",
            "article-679",
            "article-2494"
        ]
    },
    {
        "id": "order-229",
        "positions": [
            "article-1516",
            "article-2397"
        ]
    },
    {
        "id": "order-230",
        "positions": [
            "article-1154",
            "article-1140",
            "article-435",
            "article-30"
        ]
    },
    {
        "id": "order-231",
        "positions": [
            "article-460",
            "article-1015",
            "article-3146"
        ]
    },
    {
        "id": "order-232",
        "positions": [
            "article-994",
            "article-1213",
            "article-1412",
            "article-1666"
        ]
    },
    {
        "id": "order-233",
        "positions": [
            "article-2685",
            "article-3163"
        ]
    },
    {
        "id": "order-234",
        "positions": [
            "article-148",
            "article-995"
        ]
    },
    {
        "id": "order-235",
        "positions": [
            "article-2104",
            "article-39",
            "article-784"
        ]
    },
    {
        "id": "order-236",
        "positions": [
            "article-1435",
            "article-508"
        ]
    },
    {
        "id": "order-237",
        "positions": [
            "article-489",
            "article-2650"
        ]
    },
    {
        "id": "order-238",
        "positions": [
            "article-2635",
            "article-154",
            "article-667"
        ]
    },
    {
        "id": "order-239",
        "positions": [
            "article-1766",
            "article-575"
        ]
    },
    {
        "id": "order-240",
        "positions": [
            "article-2534",
            "article-189"
        ]
    },
    {
        "id": "order-241",
        "positions": [
            "article-2881",
            "article-101"
        ]
    },
    {
        "id": "order-242",
        "positions": [
            "article-3275",
            "article-1242"
        ]
    },
    {
        "id": "order-243",
        "positions": [
            "article-3105",
            "article-407",
            "article-1158"
        ]
    },
    {
        "id": "order-244",
        "positions": [
            "article-1787",
            "article-939"
        ]
    },
    {
        "id": "order-245",
        "positions": [
            "article-2855",
            "article-1419"
        ]
    },
    {
        "id": "order-246",
        "positions": [
            "article-3204",
            "article-3054",
            "article-1772",
            "article-483"
        ]
    },
    {
        "id": "order-247",
        "positions": [
            "article-1289",
            "article-1794",
            "article-182",
            "article-957"
        ]
    },
    {
        "id": "order-248",
        "positions": [
            "article-1005",
            "article-1864"
        ]
    },
    {
        "id": "order-249",
        "positions": [
            "article-1080",
            "article-728",
            "article-1916"
        ]
    },
    {
        "id": "order-250",
        "positions": [
            "article-1930",
            "article-858"
        ]
    },
    {
        "id": "order-251",
        "positions": [
            "article-1210",
            "article-746",
            "article-456"
        ]
    },
    {
        "id": "order-252",
        "positions": [
            "article-831",
            "article-1797"
        ]
    },
    {
        "id": "order-253",
        "positions": [
            "article-2083",
            "article-3146",
            "article-487",
            "article-848",
            "article-725",
            "article-2821"
        ]
    },
    {
        "id": "order-254",
        "positions": [
            "article-3066",
            "article-2427"
        ]
    },
    {
        "id": "order-255",
        "positions": [
            "article-93",
            "article-795",
            "article-1659"
        ]
    },
    {
        "id": "order-256",
        "positions": [
            "article-1423",
            "article-1965"
        ]
    },
    {
        "id": "order-257",
        "positions": [
            "article-1204",
            "article-1737",
            "article-2164"
        ]
    },
    {
        "id": "order-258",
        "positions": [
            "article-1513",
            "article-3000"
        ]
    },
    {
        "id": "order-259",
        "positions": [
            "article-2358",
            "article-1942"
        ]
    },
    {
        "id": "order-260",
        "positions": [
            "article-3244",
            "article-834"
        ]
    },
    {
        "id": "order-261",
        "positions": [
            "article-1514",
            "article-1610"
        ]
    },
    {
        "id": "order-262",
        "positions": [
            "article-982",
            "article-2964"
        ]
    },
    {
        "id": "order-263",
        "positions": [
            "article-2461",
            "article-3258"
        ]
    },
    {
        "id": "order-264",
        "positions": [
            "article-1200",
            "article-287"
        ]
    },
    {
        "id": "order-265",
        "positions": [
            "article-2963",
            "article-2615"
        ]
    },
    {
        "id": "order-266",
        "positions": [
            "article-1889",
            "article-271",
            "article-1142",
            "article-736"
        ]
    },
    {
        "id": "order-267",
        "positions": [
            "article-1487",
            "article-846"
        ]
    },
    {
        "id": "order-268",
        "positions": [
            "article-2525",
            "article-1318",
            "article-2504",
            "article-3309",
            "article-1687"
        ]
    },
    {
        "id": "order-269",
        "positions": [
            "article-27",
            "article-1260"
        ]
    },
    {
        "id": "order-270",
        "positions": [
            "article-852",
            "article-1956",
            "article-307"
        ]
    },
    {
        "id": "order-271",
        "positions": [
            "article-1063",
            "article-2665"
        ]
    },
    {
        "id": "order-272",
        "positions": [
            "article-26",
            "article-2327"
        ]
    },
    {
        "id": "order-273",
        "positions": [
            "article-327",
            "article-2672",
            "article-2969"
        ]
    },
    {
        "id": "order-274",
        "positions": [
            "article-2323",
            "article-1452"
        ]
    },
    {
        "id": "order-275",
        "positions": [
            "article-1441",
            "article-2730"
        ]
    },
    {
        "id": "order-276",
        "positions": [
            "article-1564",
            "article-1747",
            "article-1497"
        ]
    },
    {
        "id": "order-277",
        "positions": [
            "article-2975",
            "article-1890",
            "article-2308"
        ]
    },
    {
        "id": "order-278",
        "positions": [
            "article-1881",
            "article-246"
        ]
    },
    {
        "id": "order-279",
        "positions": [
            "article-3204",
            "article-3094"
        ]
    },
    {
        "id": "order-280",
        "positions": [
            "article-1682",
            "article-2193"
        ]
    },
    {
        "id": "order-281",
        "positions": [
            "article-1790",
            "article-3265"
        ]
    },
    {
        "id": "order-282",
        "positions": [
            "article-3326",
            "article-2062"
        ]
    },
    {
        "id": "order-283",
        "positions": [
            "article-2226",
            "article-3316"
        ]
    },
    {
        "id": "order-284",
        "positions": [
            "article-1876",
            "article-267"
        ]
    },
    {
        "id": "order-285",
        "positions": [
            "article-94",
            "article-315"
        ]
    },
    {
        "id": "order-286",
        "positions": [
            "article-549",
            "article-540"
        ]
    },
    {
        "id": "order-287",
        "positions": [
            "article-398",
            "article-378",
            "article-2709"
        ]
    },
    {
        "id": "order-288",
        "positions": [
            "article-1940",
            "article-485"
        ]
    },
    {
        "id": "order-289",
        "positions": [
            "article-2799",
            "article-463"
        ]
    },
    {
        "id": "order-290",
        "positions": [
            "article-3195",
            "article-2304"
        ]
    },
    {
        "id": "order-291",
        "positions": [
            "article-87",
            "article-2031"
        ]
    },
    {
        "id": "order-292",
        "positions": [
            "article-2317",
            "article-2965",
            "article-1860"
        ]
    },
    {
        "id": "order-293",
        "positions": [
            "article-1105",
            "article-191",
            "article-982",
            "article-1883",
            "article-1712"
        ]
    },
    {
        "id": "order-294",
        "positions": [
            "article-339",
            "article-145",
            "article-2408"
        ]
    },
    {
        "id": "order-295",
        "positions": [
            "article-1387",
            "article-3299",
            "article-2707",
            "article-2022",
            "article-29",
            "article-224"
        ]
    },
    {
        "id": "order-296",
        "positions": [
            "article-647",
            "article-1912",
            "article-249"
        ]
    },
    {
        "id": "order-297",
        "positions": [
            "article-1860",
            "article-1796",
            "article-247"
        ]
    },
    {
        "id": "order-298",
        "positions": [
            "article-196",
            "article-2084"
        ]
    },
    {
        "id": "order-299",
        "positions": [
            "article-2901",
            "article-1918",
            "article-1316",
            "article-1866"
        ]
    },
    {
        "id": "order-300",
        "positions": [
            "article-1226",
            "article-291",
            "article-1833"
        ]
    },
    {
        "id": "order-301",
        "positions": [
            "article-2744",
            "article-1463"
        ]
    },
    {
        "id": "order-302",
        "positions": [
            "article-754",
            "article-627"
        ]
    },
    {
        "id": "order-303",
        "positions": [
            "article-2229",
            "article-234",
            "article-986"
        ]
    },
    {
        "id": "order-304",
        "positions": [
            "article-2840",
            "article-2762"
        ]
    },
    {
        "id": "order-305",
        "positions": [
            "article-2041",
            "article-3012"
        ]
    },
    {
        "id": "order-306",
        "positions": [
            "article-3232",
            "article-3142",
            "article-519"
        ]
    },
    {
        "id": "order-307",
        "positions": [
            "article-2689",
            "article-3111"
        ]
    },
    {
        "id": "order-308",
        "positions": [
            "article-440",
            "article-1794",
            "article-3171"
        ]
    },
    {
        "id": "order-309",
        "positions": [
            "article-786",
            "article-148"
        ]
    },
    {
        "id": "order-310",
        "positions": [
            "article-2580",
            "article-1907",
            "article-2224"
        ]
    },
    {
        "id": "order-311",
        "positions": [
            "article-1624",
            "article-2783"
        ]
    },
    {
        "id": "order-312",
        "positions": [
            "article-170",
            "article-2096"
        ]
    },
    {
        "id": "order-313",
        "positions": [
            "article-1515",
            "article-2982",
            "article-399",
            "article-2224"
        ]
    },
    {
        "id": "order-314",
        "positions": [
            "article-1034",
            "article-2862"
        ]
    },
    {
        "id": "order-315",
        "positions": [
            "article-1034",
            "article-1149"
        ]
    },
    {
        "id": "order-316",
        "positions": [
            "article-877",
            "article-934",
            "article-854",
            "article-2227"
        ]
    },
    {
        "id": "order-317",
        "positions": [
            "article-3015",
            "article-2296"
        ]
    },
    {
        "id": "order-318",
        "positions": [
            "article-1051",
            "article-134",
            "article-2212"
        ]
    },
    {
        "id": "order-319",
        "positions": [
            "article-1271",
            "article-2628"
        ]
    },
    {
        "id": "order-320",
        "positions": [
            "article-2638",
            "article-432"
        ]
    },
    {
        "id": "order-321",
        "positions": [
            "article-2307",
            "article-2258",
            "article-527"
        ]
    },
    {
        "id": "order-322",
        "positions": [
            "article-1285",
            "article-2826",
            "article-1959"
        ]
    },
    {
        "id": "order-323",
        "positions": [
            "article-2384",
            "article-1722",
            "article-3234",
            "article-2658"
        ]
    },
    {
        "id": "order-324",
        "positions": [
            "article-192",
            "article-647"
        ]
    },
    {
        "id": "order-325",
        "positions": [
            "article-3029",
            "article-1906"
        ]
    },
    {
        "id": "order-326",
        "positions": [
            "article-2899",
            "article-1619",
            "article-3063"
        ]
    },
    {
        "id": "order-327",
        "positions": [
            "article-91",
            "article-1656",
            "article-1346"
        ]
    },
    {
        "id": "order-328",
        "positions": [
            "article-209",
            "article-52",
            "article-492"
        ]
    },
    {
        "id": "order-329",
        "positions": [
            "article-2334",
            "article-2099",
            "article-3019"
        ]
    },
    {
        "id": "order-330",
        "positions": [
            "article-3060",
            "article-870",
            "article-579",
            "article-615"
        ]
    },
    {
        "id": "order-331",
        "positions": [
            "article-424",
            "article-1546"
        ]
    },
    {
        "id": "order-332",
        "positions": [
            "article-1530",
            "article-3",
            "article-2119",
            "article-2583"
        ]
    },
    {
        "id": "order-333",
        "positions": [
            "article-1554",
            "article-2913",
            "article-320",
            "article-2410",
            "article-3010"
        ]
    },
    {
        "id": "order-334",
        "positions": [
            "article-789",
            "article-2643"
        ]
    },
    {
        "id": "order-335",
        "positions": [
            "article-2587",
            "article-1508"
        ]
    },
    {
        "id": "order-336",
        "positions": [
            "article-3085",
            "article-1512"
        ]
    },
    {
        "id": "order-337",
        "positions": [
            "article-873",
            "article-449",
            "article-2621"
        ]
    },
    {
        "id": "order-338",
        "positions": [
            "article-3255",
            "article-2843"
        ]
    },
    {
        "id": "order-339",
        "positions": [
            "article-856",
            "article-2765"
        ]
    },
    {
        "id": "order-340",
        "positions": [
            "article-396",
            "article-1248"
        ]
    },
    {
        "id": "order-341",
        "positions": [
            "article-2540",
            "article-1579"
        ]
    },
    {
        "id": "order-342",
        "positions": [
            "article-2686",
            "article-1842",
            "article-2240"
        ]
    },
    {
        "id": "order-343",
        "positions": [
            "article-2796",
            "article-3250",
            "article-232",
            "article-2838",
            "article-1975"
        ]
    },
    {
        "id": "order-344",
        "positions": [
            "article-2948",
            "article-1850",
            "article-2926"
        ]
    },
    {
        "id": "order-345",
        "positions": [
            "article-61",
            "article-295"
        ]
    },
    {
        "id": "order-346",
        "positions": [
            "article-1147",
            "article-2497"
        ]
    },
    {
        "id": "order-347",
        "positions": [
            "article-749",
            "article-2950"
        ]
    },
    {
        "id": "order-348",
        "positions": [
            "article-2779",
            "article-136",
            "article-2050"
        ]
    },
    {
        "id": "order-349",
        "positions": [
            "article-904",
            "article-467"
        ]
    },
    {
        "id": "order-350",
        "positions": [
            "article-1749",
            "article-2254"
        ]
    },
    {
        "id": "order-351",
        "positions": [
            "article-434",
            "article-96"
        ]
    },
    {
        "id": "order-352",
        "positions": [
            "article-3193",
            "article-824",
            "article-1789",
            "article-1141"
        ]
    },
    {
        "id": "order-353",
        "positions": [
            "article-771",
            "article-3078"
        ]
    },
    {
        "id": "order-354",
        "positions": [
            "article-1218",
            "article-427"
        ]
    },
    {
        "id": "order-355",
        "positions": [
            "article-3255",
            "article-525",
            "article-2311"
        ]
    },
    {
        "id": "order-356",
        "positions": [
            "article-2543",
            "article-2980"
        ]
    },
    {
        "id": "order-357",
        "positions": [
            "article-2443",
            "article-2956",
            "article-2245",
            "article-2054"
        ]
    },
    {
        "id": "order-358",
        "positions": [
            "article-1138",
            "article-1594",
            "article-2736"
        ]
    },
    {
        "id": "order-359",
        "positions": [
            "article-595",
            "article-656"
        ]
    },
    {
        "id": "order-360",
        "positions": [
            "article-2804",
            "article-3147"
        ]
    },
    {
        "id": "order-361",
        "positions": [
            "article-1784",
            "article-675",
            "article-49"
        ]
    },
    {
        "id": "order-362",
        "positions": [
            "article-3050",
            "article-1490",
            "article-432"
        ]
    },
    {
        "id": "order-363",
        "positions": [
            "article-1444",
            "article-518"
        ]
    },
    {
        "id": "order-364",
        "positions": [
            "article-88",
            "article-793",
            "article-1094"
        ]
    },
    {
        "id": "order-365",
        "positions": [
            "article-661",
            "article-2554"
        ]
    },
    {
        "id": "order-366",
        "positions": [
            "article-1204",
            "article-35",
            "article-3268"
        ]
    },
    {
        "id": "order-367",
        "positions": [
            "article-1120",
            "article-2606"
        ]
    },
    {
        "id": "order-368",
        "positions": [
            "article-1788",
            "article-3205"
        ]
    },
    {
        "id": "order-369",
        "positions": [
            "article-1800",
            "article-850"
        ]
    },
    {
        "id": "order-370",
        "positions": [
            "article-2733",
            "article-901",
            "article-1058"
        ]
    },
    {
        "id": "order-371",
        "positions": [
            "article-189",
            "article-3170"
        ]
    },
    {
        "id": "order-372",
        "positions": [
            "article-2523",
            "article-526",
            "article-1845"
        ]
    },
    {
        "id": "order-373",
        "positions": [
            "article-1851",
            "article-529",
            "article-210",
            "article-1741"
        ]
    },
    {
        "id": "order-374",
        "positions": [
            "article-1635",
            "article-2581",
            "article-540"
        ]
    },
    {
        "id": "order-375",
        "positions": [
            "article-83",
            "article-644"
        ]
    },
    {
        "id": "order-376",
        "positions": [
            "article-3214",
            "article-2610",
            "article-3061"
        ]
    },
    {
        "id": "order-377",
        "positions": [
            "article-358",
            "article-1221"
        ]
    },
    {
        "id": "order-378",
        "positions": [
            "article-1286",
            "article-2265",
            "article-1557"
        ]
    },
    {
        "id": "order-379",
        "positions": [
            "article-3001",
            "article-753",
            "article-309"
        ]
    },
    {
        "id": "order-380",
        "positions": [
            "article-2066",
            "article-1714",
            "article-1210"
        ]
    },
    {
        "id": "order-381",
        "positions": [
            "article-1069",
            "article-3245"
        ]
    },
    {
        "id": "order-382",
        "positions": [
            "article-650",
            "article-1351"
        ]
    },
    {
        "id": "order-383",
        "positions": [
            "article-914",
            "article-1419"
        ]
    },
    {
        "id": "order-384",
        "positions": [
            "article-3048",
            "article-1622"
        ]
    },
    {
        "id": "order-385",
        "positions": [
            "article-1597",
            "article-3057"
        ]
    },
    {
        "id": "order-386",
        "positions": [
            "article-1114",
            "article-384"
        ]
    },
    {
        "id": "order-387",
        "positions": [
            "article-1119",
            "article-2010"
        ]
    },
    {
        "id": "order-388",
        "positions": [
            "article-2796",
            "article-1489",
            "article-2910"
        ]
    },
    {
        "id": "order-389",
        "positions": [
            "article-1324",
            "article-2377"
        ]
    },
    {
        "id": "order-390",
        "positions": [
            "article-3274",
            "article-1913",
            "article-1550",
            "article-579",
            "article-1973"
        ]
    },
    {
        "id": "order-391",
        "positions": [
            "article-1374",
            "article-2505"
        ]
    },
    {
        "id": "order-392",
        "positions": [
            "article-2201",
            "article-2972",
            "article-1873",
            "article-262"
        ]
    },
    {
        "id": "order-393",
        "positions": [
            "article-324",
            "article-2760",
            "article-2720",
            "article-2176"
        ]
    },
    {
        "id": "order-394",
        "positions": [
            "article-219",
            "article-1395"
        ]
    },
    {
        "id": "order-395",
        "positions": [
            "article-2709",
            "article-546",
            "article-2887"
        ]
    },
    {
        "id": "order-396",
        "positions": [
            "article-510",
            "article-2643",
            "article-2599"
        ]
    },
    {
        "id": "order-397",
        "positions": [
            "article-2412",
            "article-1190",
            "article-1016"
        ]
    },
    {
        "id": "order-398",
        "positions": [
            "article-1567",
            "article-34"
        ]
    },
    {
        "id": "order-399",
        "positions": [
            "article-2168",
            "article-2462"
        ]
    },
    {
        "id": "order-400",
        "positions": [
            "article-1138",
            "article-3053"
        ]
    },
    {
        "id": "order-401",
        "positions": [
            "article-2272",
            "article-560"
        ]
    },
    {
        "id": "order-402",
        "positions": [
            "article-1764",
            "article-2414"
        ]
    },
    {
        "id": "order-403",
        "positions": [
            "article-1827",
            "article-689",
            "article-1972"
        ]
    },
    {
        "id": "order-404",
        "positions": [
            "article-1645",
            "article-2947",
            "article-3290"
        ]
    },
    {
        "id": "order-405",
        "positions": [
            "article-2686",
            "article-2556"
        ]
    },
    {
        "id": "order-406",
        "positions": [
            "article-1320",
            "article-1696",
            "article-3314"
        ]
    },
    {
        "id": "order-407",
        "positions": [
            "article-1384",
            "article-2226",
            "article-2585"
        ]
    },
    {
        "id": "order-408",
        "positions": [
            "article-886",
            "article-1038",
            "article-2890",
            "article-525",
            "article-848"
        ]
    },
    {
        "id": "order-409",
        "positions": [
            "article-1083",
            "article-114"
        ]
    },
    {
        "id": "order-410",
        "positions": [
            "article-2139",
            "article-2194"
        ]
    },
    {
        "id": "order-411",
        "positions": [
            "article-1265",
            "article-774",
            "article-306",
            "article-274"
        ]
    },
    {
        "id": "order-412",
        "positions": [
            "article-416",
            "article-3111"
        ]
    },
    {
        "id": "order-413",
        "positions": [
            "article-254",
            "article-716"
        ]
    },
    {
        "id": "order-414",
        "positions": [
            "article-76",
            "article-1486"
        ]
    },
    {
        "id": "order-415",
        "positions": [
            "article-1512",
            "article-3132",
            "article-3192",
            "article-282"
        ]
    },
    {
        "id": "order-416",
        "positions": [
            "article-1624",
            "article-1117"
        ]
    },
    {
        "id": "order-417",
        "positions": [
            "article-3278",
            "article-3204",
            "article-933"
        ]
    },
    {
        "id": "order-418",
        "positions": [
            "article-865",
            "article-2567"
        ]
    },
    {
        "id": "order-419",
        "positions": [
            "article-2077",
            "article-2637"
        ]
    },
    {
        "id": "order-420",
        "positions": [
            "article-2255",
            "article-1403"
        ]
    },
    {
        "id": "order-421",
        "positions": [
            "article-1371",
            "article-539"
        ]
    },
    {
        "id": "order-422",
        "positions": [
            "article-2020",
            "article-2070",
            "article-2108"
        ]
    },
    {
        "id": "order-423",
        "positions": [
            "article-1199",
            "article-1744"
        ]
    },
    {
        "id": "order-424",
        "positions": [
            "article-3056",
            "article-237",
            "article-2394",
            "article-332"
        ]
    },
    {
        "id": "order-425",
        "positions": [
            "article-1716",
            "article-10"
        ]
    },
    {
        "id": "order-426",
        "positions": [
            "article-2800",
            "article-1455"
        ]
    },
    {
        "id": "order-427",
        "positions": [
            "article-1177",
            "article-1591",
            "article-564",
            "article-524"
        ]
    },
    {
        "id": "order-428",
        "positions": [
            "article-150",
            "article-92"
        ]
    },
    {
        "id": "order-429",
        "positions": [
            "article-2458",
            "article-830"
        ]
    },
    {
        "id": "order-430",
        "positions": [
            "article-2942",
            "article-569",
            "article-1641"
        ]
    },
    {
        "id": "order-431",
        "positions": [
            "article-2117",
            "article-3177",
            "article-2907",
            "article-1272",
            "article-1852"
        ]
    },
    {
        "id": "order-432",
        "positions": [
            "article-1009",
            "article-1303",
            "article-3005"
        ]
    },
    {
        "id": "order-433",
        "positions": [
            "article-2156",
            "article-1158",
            "article-1866"
        ]
    },
    {
        "id": "order-434",
        "positions": [
            "article-1472",
            "article-435",
            "article-1164"
        ]
    },
    {
        "id": "order-435",
        "positions": [
            "article-1359",
            "article-905",
            "article-1190",
            "article-1852"
        ]
    },
    {
        "id": "order-436",
        "positions": [
            "article-2168",
            "article-2090",
            "article-844",
            "article-3180"
        ]
    },
    {
        "id": "order-437",
        "positions": [
            "article-1030",
            "article-1096"
        ]
    },
    {
        "id": "order-438",
        "positions": [
            "article-2648",
            "article-2993"
        ]
    },
    {
        "id": "order-439",
        "positions": [
            "article-1014",
            "article-1278",
            "article-277",
            "article-2451"
        ]
    },
    {
        "id": "order-440",
        "positions": [
            "article-2517",
            "article-799",
            "article-686"
        ]
    },
    {
        "id": "order-441",
        "positions": [
            "article-2302",
            "article-612",
            "article-435"
        ]
    },
    {
        "id": "order-442",
        "positions": [
            "article-2798",
            "article-1253"
        ]
    },
    {
        "id": "order-443",
        "positions": [
            "article-1854",
            "article-3278",
            "article-2972",
            "article-66",
            "article-2524"
        ]
    },
    {
        "id": "order-444",
        "positions": [
            "article-2026",
            "article-1665",
            "article-10",
            "article-1942"
        ]
    },
    {
        "id": "order-445",
        "positions": [
            "article-1931",
            "article-1804"
        ]
    },
    {
        "id": "order-446",
        "positions": [
            "article-1295",
            "article-2373"
        ]
    },
    {
        "id": "order-447",
        "positions": [
            "article-1900",
            "article-1315",
            "article-2018"
        ]
    },
    {
        "id": "order-448",
        "positions": [
            "article-716",
            "article-920"
        ]
    },
    {
        "id": "order-449",
        "positions": [
            "article-2396",
            "article-3066",
            "article-1289"
        ]
    },
    {
        "id": "order-450",
        "positions": [
            "article-2658",
            "article-1536",
            "article-2840"
        ]
    },
    {
        "id": "order-451",
        "positions": [
            "article-860",
            "article-128"
        ]
    },
    {
        "id": "order-452",
        "positions": [
            "article-2434",
            "article-1660"
        ]
    },
    {
        "id": "order-453",
        "positions": [
            "article-2333",
            "article-1680"
        ]
    },
    {
        "id": "order-454",
        "positions": [
            "article-762",
            "article-1980"
        ]
    },
    {
        "id": "order-455",
        "positions": [
            "article-140",
            "article-1202"
        ]
    },
    {
        "id": "order-456",
        "positions": [
            "article-2848",
            "article-1218",
            "article-864"
        ]
    },
    {
        "id": "order-457",
        "positions": [
            "article-2180",
            "article-53",
            "article-929"
        ]
    },
    {
        "id": "order-458",
        "positions": [
            "article-1716",
            "article-2624"
        ]
    },
    {
        "id": "order-459",
        "positions": [
            "article-117",
            "article-431",
            "article-2554",
            "article-767",
            "article-278",
            "article-249"
        ]
    },
    {
        "id": "order-460",
        "positions": [
            "article-1200",
            "article-43",
            "article-430"
        ]
    },
    {
        "id": "order-461",
        "positions": [
            "article-2135",
            "article-3063"
        ]
    },
    {
        "id": "order-462",
        "positions": [
            "article-1098",
            "article-195"
        ]
    },
    {
        "id": "order-463",
        "positions": [
            "article-2363",
            "article-2414",
            "article-1366"
        ]
    },
    {
        "id": "order-464",
        "positions": [
            "article-766",
            "article-2857",
            "article-730"
        ]
    },
    {
        "id": "order-465",
        "positions": [
            "article-421",
            "article-2352"
        ]
    },
    {
        "id": "order-466",
        "positions": [
            "article-3180",
            "article-403",
            "article-2752"
        ]
    },
    {
        "id": "order-467",
        "positions": [
            "article-1320",
            "article-249"
        ]
    },
    {
        "id": "order-468",
        "positions": [
            "article-332",
            "article-3110",
            "article-1061"
        ]
    },
    {
        "id": "order-469",
        "positions": [
            "article-650",
            "article-2345"
        ]
    },
    {
        "id": "order-470",
        "positions": [
            "article-500",
            "article-1853",
            "article-2828"
        ]
    },
    {
        "id": "order-471",
        "positions": [
            "article-3313",
            "article-2626",
            "article-3142",
            "article-2028"
        ]
    },
    {
        "id": "order-472",
        "positions": [
            "article-1871",
            "article-2468",
            "article-1804",
            "article-1753",
            "article-2786",
            "article-2378"
        ]
    },
    {
        "id": "order-473",
        "positions": [
            "article-3305",
            "article-2509",
            "article-1086",
            "article-2379",
            "article-355"
        ]
    },
    {
        "id": "order-474",
        "positions": [
            "article-2233",
            "article-796",
            "article-3004"
        ]
    },
    {
        "id": "order-475",
        "positions": [
            "article-2000",
            "article-2064",
            "article-1527",
            "article-3223"
        ]
    },
    {
        "id": "order-476",
        "positions": [
            "article-787",
            "article-1259"
        ]
    },
    {
        "id": "order-477",
        "positions": [
            "article-1087",
            "article-1524"
        ]
    },
    {
        "id": "order-478",
        "positions": [
            "article-1352",
            "article-984"
        ]
    },
    {
        "id": "order-479",
        "positions": [
            "article-1238",
            "article-1637",
            "article-1341",
            "article-93",
            "article-1004"
        ]
    },
    {
        "id": "order-480",
        "positions": [
            "article-1783",
            "article-1730"
        ]
    },
    {
        "id": "order-481",
        "positions": [
            "article-1640",
            "article-364"
        ]
    },
    {
        "id": "order-482",
        "positions": [
            "article-1475",
            "article-846",
            "article-1736"
        ]
    },
    {
        "id": "order-483",
        "positions": [
            "article-3020",
            "article-2393"
        ]
    },
    {
        "id": "order-484",
        "positions": [
            "article-2770",
            "article-1252"
        ]
    },
    {
        "id": "order-485",
        "positions": [
            "article-1534",
            "article-2481"
        ]
    },
    {
        "id": "order-486",
        "positions": [
            "article-2152",
            "article-1398",
            "article-2855",
            "article-2367"
        ]
    },
    {
        "id": "order-487",
        "positions": [
            "article-2478",
            "article-1475"
        ]
    },
    {
        "id": "order-488",
        "positions": [
            "article-2366",
            "article-2750",
            "article-1369",
            "article-1881"
        ]
    },
    {
        "id": "order-489",
        "positions": [
            "article-586",
            "article-1427",
            "article-3086"
        ]
    },
    {
        "id": "order-490",
        "positions": [
            "article-2362",
            "article-23",
            "article-2808"
        ]
    },
    {
        "id": "order-491",
        "positions": [
            "article-448",
            "article-2874",
            "article-1087",
            "article-2516"
        ]
    },
    {
        "id": "order-492",
        "positions": [
            "article-1497",
            "article-2159"
        ]
    },
    {
        "id": "order-493",
        "positions": [
            "article-761",
            "article-205",
            "article-260",
            "article-2027",
            "article-2112"
        ]
    },
    {
        "id": "order-494",
        "positions": [
            "article-2014",
            "article-475",
            "article-3226"
        ]
    },
    {
        "id": "order-495",
        "positions": [
            "article-1184",
            "article-2457"
        ]
    },
    {
        "id": "order-496",
        "positions": [
            "article-869",
            "article-1233"
        ]
    },
    {
        "id": "order-497",
        "positions": [
            "article-3037",
            "article-2543",
            "article-2862"
        ]
    },
    {
        "id": "order-498",
        "positions": [
            "article-2258",
            "article-1059"
        ]
    },
    {
        "id": "order-499",
        "positions": [
            "article-470",
            "article-534"
        ]
    }
]