[
    {
        "id": "order-0",
        "positions": [
            "article-1813",
            "article-1414"
        ]
    },
    {
        "id": "order-1",
        "positions": [
            "article-1537",
            "article-2724"
        ]
    },
    {
        "id": "order-2",
        "positions": [
            "article-1832",
            "article-3016"
        ]
    },
    {
        "id": "order-3",
        "positions": [
            "article-1549",
            "article-1270"
        ]
    },
    {
        "id": "order-4",
        "positions": [
            "article-1340",
            "article-396",
            "article-2348"
        ]
    },
    {
        "id": "order-5",
        "positions": [
            "article-2256",
            "article-2048"
        ]
    },
    {
        "id": "order-6",
        "positions": [
            "article-578",
            "article-771"
        ]
    },
    {
        "id": "order-7",
        "positions": [
            "article-2836",
            "article-3323"
        ]
    },
    {
        "id": "order-8",
        "positions": [
            "article-2191",
            "article-782",
            "article-333"
        ]
    },
    {
        "id": "order-9",
        "positions": [
            "article-701",
            "article-1823"
        ]
    },
    {
        "id": "order-10",
        "positions": [
            "article-1981",
            "article-1375"
        ]
    },
    {
        "id": "order-11",
        "positions": [
            "article-1064",
            "article-2889"
        ]
    },
    {
        "id": "order-12",
        "positions": [
            "article-541",
            "article-1529",
            "article-1641"
        ]
    },
    {
        "id": "order-13",
        "positions": [
            "article-1085",
            "article-2820",
            "article-3298",
            "article-1004",
            "article-216",
            "article-2110"
        ]
    },
    {
        "id": "order-14",
        "positions": [
            "article-3162",
            "article-1946"
        ]
    },
    {
        "id": "order-15",
        "positions": [
            "article-1766",
            "article-2764"
        ]
    },
    {
        "id": "order-16",
        "positions": [
            "article-21",
            "article-2367",
            "article-950"
        ]
    },
    {
        "id": "order-17",
        "positions": [
            "article-1954",
            "article-1848",
            "article-195"
        ]
    },
    {
        "id": "order-18",
        "positions": [
            "article-1080",
            "article-2383"
        ]
    },
    {
        "id": "order-19",
        "positions": [
            "article-15",
            "article-3282"
        ]
    },
    {
        "id": "order-20",
        "positions": [
            "article-2564",
            "article-1993",
            "article-709"
        ]
    },
    {
        "id": "order-21",
        "positions": [
            "article-1352",
            "article-1821"
        ]
    },
    {
        "id": "order-22",
        "positions": [
            "article-1815",
            "article-2148"
        ]
    },
    {
        "id": "order-23",
        "positions": [
            "article-2560",
            "article-238",
            "article-3302"
        ]
    },
    {
        "id": "order-24",
        "positions": [
            "article-2920",
            "article-1429"
        ]
    },
    {
        "id": "order-25",
        "positions": [
            "article-577",
            "article-2389",
            "article-1224"
        ]
    },
    {
        "id": "order-26",
        "positions": [
            "article-1900",
            "article-1775"
        ]
    },
    {
        "id": "order-27",
        "positions": [
            "article-1566",
            "article-2988"
        ]
    },
    {
        "id": "order-28",
        "positions": [
            "article-1231",
            "article-2918"
        ]
    },
    {
        "id": "order-29",
        "positions": [
            "article-2063",
            "article-3268",
            "article-112"
        ]
    },
    {
        "id": "order-30",
        "positions": [
            "article-1612",
            "article-666"
        ]
    },
    {
        "id": "order-31",
        "positions": [
            "article-1909",
            "article-551"
        ]
    },
    {
        "id": "order-32",
        "positions": [
            "article-631",
            "article-3138"
        ]
    },
    {
        "id": "order-33",
        "positions": [
            "article-2460",
            "article-211"
        ]
    },
    {
        "id": "order-34",
        "positions": [
            "article-773",
            "article-1648"
        ]
    },
    {
        "id": "order-35",
        "positions": [
            "article-594",
            "article-679",
            "article-1725",
            "article-2857"
        ]
    },
    {
        "id": "order-36",
        "positions": [
            "article-1701",
            "article-1218"
        ]
    },
    {
        "id": "order-37",
        "positions": [
            "article-233",
            "article-841"
        ]
    },
    {
        "id": "order-38",
        "positions": [
            "article-538",
            "article-2834",
            "article-133"
        ]
    },
    {
        "id": "order-39",
        "positions": [
            "article-1758",
            "article-1600",
            "article-1243"
        ]
    },
    {
        "id": "order-40",
        "positions": [
            "article-2995",
            "article-263",
            "article-545"
        ]
    },
    {
        "id": "order-41",
        "positions": [
            "article-1031",
            "article-3084",
            "article-720",
            "article-191"
        ]
    },
    {
        "id": "order-42",
        "positions": [
            "article-2100",
            "article-1043"
        ]
    },
    {
        "id": "order-43",
        "positions": [
            "article-1674",
            "article-84"
        ]
    },
    {
        "id": "order-44",
        "positions": [
            "article-3041",
            "article-2590"
        ]
    },
    {
        "id": "order-45",
        "positions": [
            "article-307",
            "article-1973"
        ]
    },
    {
        "id": "order-46",
        "positions": [
            "article-2233",
            "article-2105"
        ]
    },
    {
        "id": "order-47",
        "positions": [
            "article-430",
            "article-1110",
            "article-2904"
        ]
    },
    {
        "id": "order-48",
        "positions": [
            "article-305",
            "article-3160"
        ]
    },
    {
        "id": "order-49",
        "positions": [
            "article-3068",
            "article-3103",
            "article-1217"
        ]
    },
    {
        "id": "order-50",
        "positions": [
            "article-310",
            "article-3053"
        ]
    },
    {
        "id": "order-51",
        "positions": [
            "article-3102",
            "article-2788"
        ]
    },
    {
        "id": "order-52",
        "positions": [
            "article-479",
            "article-2944"
        ]
    },
    {
        "id": "order-53",
        "positions": [
            "article-3119",
            "article-1879"
        ]
    },
    {
        "id": "order-54",
        "positions": [
            "article-510",
            "article-464"
        ]
    },
    {
        "id": "order-55",
        "positions": [
            "article-3020",
            "article-1313"
        ]
    },
    {
        "id": "order-56",
        "positions": [
            "article-280",
            "article-1519"
        ]
    },
    {
        "id": "order-57",
        "positions": [
            "article-292",
            "article-2557"
        ]
    },
    {
        "id": "order-58",
        "positions": [
            "article-905",
            "article-2000"
        ]
    },
    {
        "id": "order-59",
        "positions": [
            "article-2770",
            "article-1421"
        ]
    },
    {
        "id": "order-60",
        "positions": [
            "article-2232",
            "article-1193"
        ]
    },
    {
        "id": "order-61",
        "positions": [
            "article-2841",
            "article-596"
        ]
    },
    {
        "id": "order-62",
        "positions": [
            "article-1545",
            "article-94",
            "article-1874"
        ]
    },
    {
        "id": "order-63",
        "positions": [
            "article-1634",
            "article-511"
        ]
    },
    {
        "id": "order-64",
        "positions": [
            "article-792",
            "article-2399",
            "article-2879"
        ]
    },
    {
        "id": "order-65",
        "positions": [
            "article-2648",
            "article-3251"
        ]
    },
    {
        "id": "order-66",
        "positions": [
            "article-1656",
            "article-714"
        ]
    },
    {
        "id": "order-67",
        "positions": [
            "article-633",
            "article-947"
        ]
    },
    {
        "id": "order-68",
        "positions": [
            "article-3265",
            "article-2940"
        ]
    },
    {
        "id": "order-69",
        "positions": [
            "article-3042",
            "article-232"
        ]
    },
    {
        "id": "order-70",
        "positions": [
            "article-1735",
            "article-2303"
        ]
    },
    {
        "id": "order-71",
        "positions": [
            "article-2736",
            "article-2314"
        ]
    },
    {
        "id": "order-72",
        "positions": [
            "article-514",
            "article-392",
            "article-1984",
            "article-1273",
            "article-1256",
            "article-290"
        ]
    },
    {
        "id": "order-73",
        "positions": [
            "article-2821",
            "article-1584"
        ]
    },
    {
        "id": "order-74",
        "positions": [
            "article-1699",
            "article-617",
            "article-2907"
        ]
    },
    {
        "id": "order-75",
        "positions": [
            "article-830",
            "article-1677",
            "article-3123"
        ]
    },
    {
        "id": "order-76",
        "positions": [
            "article-31",
            "article-2824",
            "article-625",
            "article-2106"
        ]
    },
    {
        "id": "order-77",
        "positions": [
            "article-2269",
            "article-1918"
        ]
    },
    {
        "id": "order-78",
        "positions": [
            "article-2262",
            "article-2195"
        ]
    },
    {
        "id": "order-79",
        "positions": [
            "article-1757",
            "article-1189",
            "article-2446"
        ]
    },
    {
        "id": "order-80",
        "positions": [
            "article-967",
            "article-1091"
        ]
    },
    {
        "id": "order-81",
        "positions": [
            "article-2789",
            "article-2532",
            "article-1053",
            "article-1766"
        ]
    },
    {
        "id": "order-82",
        "positions": [
            "article-1881",
            "article-2017"
        ]
    },
    {
        "id": "order-83",
        "positions": [
            "article-3156",
            "article-1211"
        ]
    },
    {
        "id": "order-84",
        "positions": [
            "article-2274",
            "article-825",
            "article-1839",
            "article-1388"
        ]
    },
    {
        "id": "order-85",
        "positions": [
            "article-561",
            "article-329"
        ]
    },
    {
        "id": "order-86",
        "positions": [
            "article-2788",
            "article-2615"
        ]
    },
    {
        "id": "order-87",
        "positions": [
            "article-2367",
            "article-589"
        ]
    },
    {
        "id": "order-88",
        "positions": [
            "article-2201",
            "article-2543",
            "article-1790"
        ]
    },
    {
        "id": "order-89",
        "positions": [
            "article-590",
            "article-2931",
            "article-2989"
        ]
    },
    {
        "id": "order-90",
        "positions": [
            "article-2624",
            "article-2352",
            "article-2425"
        ]
    },
    {
        "id": "order-91",
        "positions": [
            "article-383",
            "article-675"
        ]
    },
    {
        "id": "order-92",
        "positions": [
            "article-1952",
            "article-2108",
            "article-2178"
        ]
    },
    {
        "id": "order-93",
        "positions": [
            "article-761",
            "article-1857"
        ]
    },
    {
        "id": "order-94",
        "positions": [
            "article-1563",
            "article-3084",
            "article-2643",
            "article-257",
            "article-2473"
        ]
    },
    {
        "id": "order-95",
        "positions": [
            "article-185",
            "article-2508",
            "article-1993"
        ]
    },
    {
        "id": "order-96",
        "positions": [
            "article-2408",
            "article-3006",
            "article-2156",
            "article-3234"
        ]
    },
    {
        "id": "order-97",
        "positions": [
            "article-66",
            "article-675"
        ]
    },
    {
        "id": "order-98",
        "positions": [
            "article-1618",
            "article-24"
        ]
    },
    {
        "id": "order-99",
        "positions": [
            "article-791",
            "article-2601"
        ]
    },
    {
        "id": "order-100",
        "positions": [
            "article-923",
            "article-2452",
            "article-2560"
        ]
    },
    {
        "id": "order-101",
        "positions": [
            "article-2186",
            "article-1149"
        ]
    },
    {
        "id": "order-102",
        "positions": [
            "article-1602",
            "article-92",
            "article-3326"
        ]
    },
    {
        "id": "order-103",
        "positions": [
            "article-1785",
            "article-3307"
        ]
    },
    {
        "id": "order-104",
        "positions": [
            "article-565",
            "article-1667",
            "article-446"
        ]
    },
    {
        "id": "order-105",
        "positions": [
            "article-2328",
            "article-2617",
            "article-331"
        ]
    },
    {
        "id": "order-106",
        "positions": [
            "article-1109",
            "article-2676"
        ]
    },
    {
        "id": "order-107",
        "positions": [
            "article-1031",
            "article-1591",
            "article-753"
        ]
    },
    {
        "id": "order-108",
        "positions": [
            "article-2718",
            "article-150",
            "article-2425"
        ]
    },
    {
        "id": "order-109",
        "positions": [
            "article-2589",
            "article-138"
        ]
    },
    {
        "id": "order-110",
        "positions": [
            "article-462",
            "article-624"
        ]
    },
    {
        "id": "order-111",
        "positions": [
            "article-2467",
            "article-697"
        ]
    },
    {
        "id": "order-112",
        "positions": [
            "article-349",
            "article-2869"
        ]
    },
    {
        "id": "order-113",
        "positions": [
            "article-2699",
            "article-2405"
        ]
    },
    {
        "id": "order-114",
        "positions": [
            "article-658",
            "article-1164",
            "article-2416"
        ]
    },
    {
        "id": "order-115",
        "positions": [
            "article-489",
            "article-158"
        ]
    },
    {
        "id": "order-116",
        "positions": [
            "article-2553",
            "article-226"
        ]
    },
    {
        "id": "order-117",
        "positions": [
            "article-2987",
            "article-976",
            "article-1927"
        ]
    },
    {
        "id": "order-118",
        "positions": [
            "article-2092",
            "article-2489"
        ]
    },
    {
        "id": "order-119",
        "positions": [
            "article-2658",
            "article-728"
        ]
    },
    {
        "id": "order-120",
        "positions": [
            "article-2456",
            "article-95",
            "article-1824",
            "article-2458",
            "article-1800",
            "article-1115"
        ]
    },
    {
        "id": "order-121",
        "positions": [
            "article-193",
            "article-844",
            "article-265"
        ]
    },
    {
        "id": "order-122",
        "positions": [
            "article-1343",
            "article-2661",
            "article-1338"
        ]
    },
    {
        "id": "order-123",
        "positions": [
            "article-1063",
            "article-676"
        ]
    },
    {
        "id": "order-124",
        "positions": [
            "article-2611",
            "article-2845"
        ]
    },
    {
        "id": "order-125",
        "positions": [
            "article-702",
            "article-56",
            "article-2717"
        ]
    },
    {
        "id": "order-126",
        "positions": [
            "article-2451",
            "article-2584",
            "article-1203"
        ]
    },
    {
        "id": "order-127",
        "positions": [
            "article-2865",
            "article-2311"
        ]
    },
    {
        "id": "order-128",
        "positions": [
            "article-2977",
            "article-1874"
        ]
    },
    {
        "id": "order-129",
        "positions": [
            "article-363",
            "article-2937",
            "article-1224",
            "article-2179"
        ]
    },
    {
        "id": "order-130",
        "positions": [
            "article-1035",
            "article-902"
        ]
    },
    {
        "id": "order-131",
        "positions": [
            "article-1719",
            "article-2082",
            "article-2974"
        ]
    },
    {
        "id": "order-132",
        "positions": [
            "article-2753",
            "article-2860"
        ]
    },
    {
        "id": "order-133",
        "positions": [
            "article-2831",
            "article-82"
        ]
    },
    {
        "id": "order-134",
        "positions": [
            "article-3051",
            "article-2955",
            "article-2268"
        ]
    },
    {
        "id": "order-135",
        "positions": [
            "article-442",
            "article-1834",
            "article-3112"
        ]
    },
    {
        "id": "order-136",
        "positions": [
            "article-1876",
            "article-2573"
        ]
    },
    {
        "id": "order-137",
        "positions": [
            "article-1371",
            "article-2017"
        ]
    },
    {
        "id": "order-138",
        "positions": [
            "article-2350",
            "article-2428",
            "article-3062"
        ]
    },
    {
        "id": "order-139",
        "positions": [
            "article-1964",
            "article-1593"
        ]
    },
    {
        "id": "order-140",
        "positions": [
            "article-2459",
            "article-3115"
        ]
    },
    {
        "id": "order-141",
        "positions": [
            "article-35",
            "article-181",
            "article-2152"
        ]
    },
    {
        "id": "order-142",
        "positions": [
            "article-2263",
            "article-2826"
        ]
    },
    {
        "id": "order-143",
        "positions": [
            "article-158",
            "article-2612"
        ]
    },
    {
        "id": "order-144",
        "positions": [
            "article-2775",
            "article-797"
        ]
    },
    {
        "id": "order-145",
        "positions": [
            "article-1876",
            "article-2765"
        ]
    },
    {
        "id": "order-146",
        "positions": [
            "article-2332",
            "article-319",
            "article-1168"
        ]
    },
    {
        "id": "order-147",
        "positions": [
            "article-1491",
            "article-1089",
            "article-333",
            "article-2352",
            "article-286"
        ]
    },
    {
        "id": "order-148",
        "positions": [
            "article-2130",
            "article-1436"
        ]
    },
    {
        "id": "order-149",
        "positions": [
            "article-773",
            "article-1257"
        ]
    },
    {
        "id": "order-150",
        "positions": [
            "article-2513",
            "article-670"
        ]
    },
    {
        "id": "order-151",
        "positions": [
            "article-2812",
            "article-924",
            "article-3205"
        ]
    },
    {
        "id": "order-152",
        "positions": [
            "article-2997",
            "article-1983"
        ]
    },
    {
        "id": "order-153",
        "positions": [
            "article-2716",
            "article-2484"
        ]
    },
    {
        "id": "order-154",
        "positions": [
            "article-961",
            "article-3025"
        ]
    },
    {
        "id": "order-155",
        "positions": [
            "article-1896",
            "article-799"
        ]
    },
    {
        "id": "order-156",
        "positions": [
            "article-825",
            "article-2691"
        ]
    },
    {
        "id": "order-157",
        "positions": [
            "article-2234",
            "article-157"
        ]
    },
    {
        "id": "order-158",
        "positions": [
            "article-1181",
            "article-972",
            "article-353"
        ]
    },
    {
        "id": "order-159",
        "positions": [
            "article-1233",
            "article-1003",
            "article-435",
            "article-3267"
        ]
    },
    {
        "id": "order-160",
        "positions": [
            "article-3227",
            "article-172",
            "article-440"
        ]
    },
    {
        "id": "order-161",
        "positions": [
            "article-2382",
            "article-3063",
            "article-1679"
        ]
    },
    {
        "id": "order-162",
        "positions": [
            "article-280",
            "article-2501"
        ]
    },
    {
        "id": "order-163",
        "positions": [
            "article-1530",
            "article-2547",
            "article-2761"
        ]
    },
    {
        "id": "order-164",
        "positions": [
            "article-1104",
            "article-2902"
        ]
    },
    {
        "id": "order-165",
        "positions": [
            "article-222",
            "article-502"
        ]
    },
    {
        "id": "order-166",
        "positions": [
            "article-1075",
            "article-2558"
        ]
    },
    {
        "id": "order-167",
        "positions": [
            "article-1059",
            "article-192"
        ]
    },
    {
        "id": "order-168",
        "positions": [
            "article-2374",
            "article-2492",
            "article-2622"
        ]
    },
    {
        "id": "order-169",
        "positions": [
            "article-1001",
            "article-1287"
        ]
    },
    {
        "id": "order-170",
        "positions": [
            "article-3061",
            "article-3008"
        ]
    },
    {
        "id": "order-171",
        "positions": [
            "article-1499",
            "article-336"
        ]
    },
    {
        "id": "order-172",
        "positions": [
            "article-2974",
            "article-2396"
        ]
    },
    {
        "id": "order-173",
        "positions": [
            "article-118",
            "article-2609"
        ]
    },
    {
        "id": "order-174",
        "positions": [
            "article-532",
            "article-228",
            "article-1187",
            "article-2597",
            "article-1654"
        ]
    },
    {
        "id": "order-175",
        "positions": [
            "article-1005",
            "article-2842",
            "article-1029"
        ]
    },
    {
        "id": "order-176",
        "positions": [
            "article-1437",
            "article-847",
            "article-838"
        ]
    },
    {
        "id": "order-177",
        "positions": [
            "article-1603",
            "article-3162"
        ]
    },
    {
        "id": "order-178",
        "positions": [
            "article-1571",
            "article-2223",
            "article-2009",
            "article-801"
        ]
    },
    {
        "id": "order-179",
        "positions": [
            "article-2135",
            "article-1384",
            "article-3002",
            "article-1278",
            "article-1911"
        ]
    },
    {
        "id": "order-180",
        "positions": [
            "article-1377",
            "article-1859"
        ]
    },
    {
        "id": "order-181",
        "positions": [
            "article-3038",
            "article-316"
        ]
    },
    {
        "id": "order-182",
        "positions": [
            "article-1075",
            "article-2658",
            "article-2302"
        ]
    },
    {
        "id": "order-183",
        "positions": [
            "article-151",
            "article-121",
            "article-2125"
        ]
    },
    {
        "id": "order-184",
        "positions": [
            "article-579",
            "article-516"
        ]
    },
    {
        "id": "order-185",
        "positions": [
            "article-1962",
            "article-2124"
        ]
    },
    {
        "id": "order-186",
        "positions": [
            "article-1676",
            "article-1016"
        ]
    },
    {
        "id": "order-187",
        "positions": [
            "article-865",
            "article-906",
            "article-1584"
        ]
    },
    {
        "id": "order-188",
        "positions": [
            "article-2772",
            "article-3080"
        ]
    },
    {
        "id": "order-189",
        "positions": [
            "article-1229",
            "article-1705"
        ]
    },
    {
        "id": "order-190",
        "positions": [
            "article-2431",
            "article-1880"
        ]
    },
    {
        "id": "order-191",
        "positions": [
            "article-2822",
            "article-1214",
            "article-1147"
        ]
    },
    {
        "id": "order-192",
        "positions": [
            "article-3047",
            "article-1599",
            "article-1880",
            "article-3288"
        ]
    },
    {
        "id": "order-193",
        "positions": [
            "article-35",
            "article-1786"
        ]
    },
    {
        "id": "order-194",
        "positions": [
            "article-1070",
            "article-432",
            "article-1170"
        ]
    },
    {
        "id": "order-195",
        "positions": [
            "article-3312",
            "article-2851",
            "article-1530"
        ]
    },
    {
        "id": "order-196",
        "positions": [
            "article-703",
            "article-1485",
            "article-1013",
            "article-904"
        ]
    },
    {
        "id": "order-197",
        "positions": [
            "article-1812",
            "article-1420",
            "article-529"
        ]
    },
    {
        "id": "order-198",
        "positions": [
            "article-2187",
            "article-678"
        ]
    },
    {
        "id": "order-199",
        "positions": [
            "article-3201",
            "article-318",
            "article-3181"
        ]
    },
    {
        "id": "order-200",
        "positions": [
            "article-2700",
            "article-2449",
            "article-2773",
            "article-375"
        ]
    },
    {
        "id": "order-201",
        "positions": [
            "article-603",
            "article-2412"
        ]
    },
    {
        "id": "order-202",
        "positions": [
            "article-304",
            "article-1545",
            "article-494"
        ]
    },
    {
        "id": "order-203",
        "positions": [
            "article-799",
            "article-2933",
            "article-1926"
        ]
    },
    {
        "id": "order-204",
        "positions": [
            "article-2546",
            "article-12",
            "article-1584",
            "article-94",
            "article-2187"
        ]
    },
    {
        "id": "order-205",
        "positions": [
            "article-1317",
            "article-2860",
            "article-105"
        ]
    },
    {
        "id": "order-206",
        "positions": [
            "article-1631",
            "article-1721"
        ]
    },
    {
        "id": "order-207",
        "positions": [
            "article-79",
            "article-2373"
        ]
    },
    {
        "id": "order-208",
        "positions": [
            "article-1656",
            "article-940"
        ]
    },
    {
        "id": "order-209",
        "positions": [
            "article-2027",
            "article-2943",
            "article-429",
            "article-1600"
        ]
    },
    {
        "id": "order-210",
        "positions": [
            "article-186",
            "article-1796"
        ]
    },
    {
        "id": "order-211",
        "positions": [
            "article-2873",
            "article-2302",
            "article-2363"
        ]
    },
    {
        "id": "order-212",
        "positions": [
            "article-1910",
            "article-2183"
        ]
    },
    {
        "id": "order-213",
        "positions": [
            "article-1431",
            "article-1048",
            "article-2103"
        ]
    },
    {
        "id": "order-214",
        "positions": [
            "article-1688",
            "article-3328",
            "article-895",
            "article-1911"
        ]
    },
    {
        "id": "order-215",
        "positions": [
            "article-1377",
            "article-2362",
            "article-2388"
        ]
    },
    {
        "id": "order-216",
        "positions": [
            "article-1771",
            "article-3274"
        ]
    },
    {
        "id": "order-217",
        "positions": [
            "article-2217",
            "article-1644"
        ]
    },
    {
        "id": "order-218",
        "positions": [
            "article-2381",
            "article-2487"
        ]
    },
    {
        "id": "order-219",
        "positions": [
            "article-1099",
            "article-2287"
        ]
    },
    {
        "id": "order-220",
        "positions": [
            "article-2732",
            "article-1950"
        ]
    },
    {
        "id": "order-221",
        "positions": [
            "article-740",
            "article-1360"
        ]
    },
    {
        "id": "order-222",
        "positions": [
            "article-2267",
            "article-2818",
            "article-3049",
            "article-550"
        ]
    },
    {
        "id": "order-223",
        "positions": [
            "article-443",
            "article-1344"
        ]
    },
    {
        "id": "order-224",
        "positions": [
            "article-2729",
            "article-2147",
            "article-357"
        ]
    },
    {
        "id": "order-225",
        "positions": [
            "article-2324",
            "article-1098",
            "article-398",
            "article-2300"
        ]
    },
    {
        "id": "order-226",
        "positions": [
            "article-1184",
            "article-3073"
        ]
    },
    {
        "id": "order-227",
        "positions": [
            "article-1785",
            "article-517"
        ]
    },
    {
        "id": "order-228",
        "positions": [
            "article-2823",
            "article-1881"
        ]
    },
    {
        "id": "order-229",
        "positions": [
            "article-1192",
            "article-2375"
        ]
    },
    {
        "id": "order-230",
        "positions": [
            "article-41",
            "article-349",
            "article-1854"
        ]
    },
    {
        "id": "order-231",
        "positions": [
            "article-2536",
            "article-2090",
            "article-2861",
            "article-1850"
        ]
    },
    {
        "id": "order-232",
        "positions": [
            "article-1447",
            "article-2014"
        ]
    },
    {
        "id": "order-233",
        "positions": [
            "article-1293",
            "article-1864"
        ]
    },
    {
        "id": "order-234",
        "positions": [
            "article-2881",
            "article-325"
        ]
    },
    {
        "id": "order-235",
        "positions": [
            "article-1855",
            "article-3261"
        ]
    },
    {
        "id": "order-236",
        "positions": [
            "article-1117",
            "article-613"
        ]
    },
    {
        "id": "order-237",
        "positions": [
            "article-908",
            "article-49"
        ]
    },
    {
        "id": "order-238",
        "positions": [
            "article-1337",
            "article-560"
        ]
    },
    {
        "id": "order-239",
        "positions": [
            "article-1426",
            "article-3183"
        ]
    },
    {
        "id": "order-240",
        "positions": [
            "article-1732",
            "article-2872",
            "article-228"
        ]
    },
    {
        "id": "order-241",
        "positions": [
            "article-2810",
            "article-1660",
            "article-345"
        ]
    },
    {
        "id": "order-242",
        "positions": [
            "article-2433",
            "article-42",
            "article-1027",
            "article-2972"
        ]
    },
    {
        "id": "order-243",
        "positions": [
            "article-2386",
            "article-1628"
        ]
    },
    {
        "id": "order-244",
        "positions": [
            "article-1684",
            "article-764"
        ]
    },
    {
        "id": "order-245",
        "positions": [
            "article-165",
            "article-425"
        ]
    },
    {
        "id": "order-246",
        "positions": [
            "article-3303",
            "article-1373",
            "article-196"
        ]
    },
    {
        "id": "order-247",
        "positions": [
            "article-2594",
            "article-2734"
        ]
    },
    {
        "id": "order-248",
        "positions": [
            "article-2082",
            "article-2784"
        ]
    },
    {
        "id": "order-249",
        "positions": [
            "article-1996",
            "article-1396"
        ]
    },
    {
        "id": "order-250",
        "positions": [
            "article-2348",
            "article-997"
        ]
    },
    {
        "id": "order-251",
        "positions": [
            "article-1973",
            "article-1526"
        ]
    },
    {
        "id": "order-252",
        "positions": [
            "article-542",
            "article-2736",
            "article-858",
            "article-2983"
        ]
    },
    {
        "id": "order-253",
        "positions": [
            "article-1276",
            "article-1863"
        ]
    },
    {
        "id": "order-254",
        "positions": [
            "article-981",
            "article-2160"
        ]
    },
    {
        "id": "order-255",
        "positions": [
            "article-1767",
            "article-2418",
            "article-1594",
            "article-3251",
            "article-2870"
        ]
    },
    {
        "id": "order-256",
        "positions": [
            "article-629",
            "article-1381"
        ]
    },
    {
        "id": "order-257",
        "positions": [
            "article-3297",
            "article-218"
        ]
    },
    {
        "id": "order-258",
        "positions": [
            "article-289",
            "article-1696"
        ]
    },
    {
        "id": "order-259",
        "positions": [
            "article-2314",
            "article-3072"
        ]
    },
    {
        "id": "order-260",
        "positions": [
            "article-2211",
            "article-949",
            "article-3194",
            "article-1018"
        ]
    },
    {
        "id": "order-261",
        "positions": [
            "article-1459",
            "article-2157",
            "article-651",
            "article-948"
        ]
    },
    {
        "id": "order-262",
        "positions": [
            "article-2772",
            "article-2409"
        ]
    },
    {
        "id": "order-263",
        "positions": [
            "article-2681",
            "article-94",
            "article-1991",
            "article-1717"
        ]
    },
    {
        "id": "order-264",
        "positions": [
            "article-2875",
            "article-1637"
        ]
    },
    {
        "id": "order-265",
        "positions": [
            "article-2535",
            "article-995"
        ]
    },
    {
        "id": "order-266",
        "positions": [
            "article-778",
            "article-2170"
        ]
    },
    {
        "id": "order-267",
        "positions": [
            "article-933",
            "article-970"
        ]
    },
    {
        "id": "order-268",
        "positions": [
            "article-2808",
            "article-1246",
            "article-2293"
        ]
    },
    {
        "id": "order-269",
        "positions": [
            "article-1203",
            "article-2212"
        ]
    },
    {
        "id": "order-270",
        "positions": [
            "article-931",
            "article-1483"
        ]
    },
    {
        "id": "order-271",
        "positions": [
            "article-208",
            "article-2594"
        ]
    },
    {
        "id": "order-272",
        "positions": [
            "article-2254",
            "article-899"
        ]
    },
    {
        "id": "order-273",
        "positions": [
            "article-616",
            "article-3098"
        ]
    },
    {
        "id": "order-274",
        "positions": [
            "article-30",
            "article-2874",
            "article-618",
            "article-197",
            "article-1073"
        ]
    },
    {
        "id": "order-275",
        "positions": [
            "article-501",
            "article-2730"
        ]
    },
    {
        "id": "order-276",
        "positions": [
            "article-1550",
            "article-693",
            "article-2466",
            "article-1814"
        ]
    },
    {
        "id": "order-277",
        "positions": [
            "article-360",
            "article-697",
            "article-1905",
            "article-3183"
        ]
    },
    {
        "id": "order-278",
        "positions": [
            "article-727",
            "article-1405"
        ]
    },
    {
        "id": "order-279",
        "positions": [
            "article-2344",
            "article-3120"
        ]
    },
    {
        "id": "order-280",
        "positions": [
            "article-1713",
            "article-2972"
        ]
    },
    {
        "id": "order-281",
        "positions": [
            "article-1379",
            "article-2994"
        ]
    },
    {
        "id": "order-282",
        "positions": [
            "article-2688",
            "article-914"
        ]
    },
    {
        "id": "order-283",
        "positions": [
            "article-2705",
            "article-2606",
            "article-306"
        ]
    },
    {
        "id": "order-284",
        "positions": [
            "article-974",
            "article-2467"
        ]
    },
    {
        "id": "order-285",
        "positions": [
            "article-2806",
            "article-890",
            "article-1074"
        ]
    },
    {
        "id": "order-286",
        "positions": [
            "article-2471",
            "article-2176",
            "article-3234"
        ]
    },
    {
        "id": "order-287",
        "positions": [
            "article-618",
            "article-1345",
            "article-2831"
        ]
    },
    {
        "id": "order-288",
        "positions": [
            "article-1682",
            "article-697",
            "article-2793",
            "article-1134"
        ]
    },
    {
        "id": "order-289",
        "positions": [
            "article-2725",
            "article-2698",
            "article-267",
            "article-119"
        ]
    },
    {
        "id": "order-290",
        "positions": [
            "article-3083",
            "article-1011"
        ]
    },
    {
        "id": "order-291",
        "positions": [
            "article-1606",
            "article-3170"
        ]
    },
    {
        "id": "order-292",
        "positions": [
            "article-7",
            "article-623"
        ]
    },
    {
        "id": "order-293",
        "positions": [
            "article-1201",
            "article-909"
        ]
    },
    {
        "id": "order-294",
        "positions": [
            "article-2988",
            "article-5"
        ]
    },
    {
        "id": "order-295",
        "positions": [
            "article-825",
            "article-2246",
            "article-1585"
        ]
    },
    {
        "id": "order-296",
        "positions": [
            "article-2733",
            "article-155",
            "article-2279"
        ]
    },
    {
        "id": "order-297",
        "positions": [
            "article-2991",
            "article-2439"
        ]
    },
    {
        "id": "order-298",
        "positions": [
            "article-1404",
            "article-1915",
            "article-1702",
            "article-2497"
        ]
    },
    {
        "id": "order-299",
        "positions": [
            "article-2811",
            "article-3305"
        ]
    },
    {
        "id": "order-300",
        "positions": [
            "article-245",
            "article-3041",
            "article-543"
        ]
    },
    {
        "id": "order-301",
        "positions": [
            "article-2347",
            "article-1116",
            "article-2292"
        ]
    },
    {
        "id": "order-302",
        "positions": [
            "article-1128",
            "article-3304"
        ]
    },
    {
        "id": "order-303",
        "positions": [
            "article-2956",
            "article-1775",
            "article-3076",
            "article-2622"
        ]
    },
    {
        "id": "order-304",
        "positions": [
            "article-1171",
            "article-2399"
        ]
    },
    {
        "id": "order-305",
        "positions": [
            "article-534",
            "article-1817"
        ]
    },
    {
        "id": "order-306",
        "positions": [
            "article-132",
            "article-2143",
            "article-807",
            "article-1754"
        ]
    },
    {
        "id": "order-307",
        "positions": [
            "article-2424",
            "article-1418",
            "article-2862"
        ]
    },
    {
        "id": "order-308",
        "positions": [
            "article-870",
            "article-2697",
            "article-2148"
        ]
    },
    {
        "id": "order-309",
        "positions": [
            "article-3178",
            "article-2852",
            "article-198",
            "article-188"
        ]
    },
    {
        "id": "order-310",
        "positions": [
            "article-2383",
            "article-2561"
        ]
    },
    {
        "id": "order-311",
        "positions": [
            "article-1610",
            "article-81",
            "article-1075",
            "article-2916",
            "article-2444"
        ]
    },
    {
        "id": "order-312",
        "positions": [
            "article-32",
            "article-2677"
        ]
    },
    {
        "id": "order-313",
        "positions": [
            "article-2713",
            "article-190"
        ]
    },
    {
        "id": "order-314",
        "positions": [
            "article-2126",
            "article-345"
        ]
    },
    {
        "id": "order-315",
        "positions": [
            "article-2108",
            "article-830"
        ]
    },
    {
        "id": "order-316",
        "positions": [
            "article-1070",
            "article-27"
        ]
    },
    {
        "id": "order-317",
        "positions": [
            "article-2445",
            "article-2764"
        ]
    },
    {
        "id": "order-318",
        "positions": [
            "article-2069",
            "article-1133"
        ]
    },
    {
        "id": "order-319",
        "positions": [
            "article-2117",
            "article-662",
            "article-1481",
            "article-445",
            "article-68"
        ]
    },
    {
        "id": "order-320",
        "positions": [
            "article-3281",
            "article-83",
            "article-1844"
        ]
    },
    {
        "id": "order-321",
        "positions": [
            "article-308",
            "article-1525",
            "article-1515",
            "article-2440"
        ]
    },
    {
        "id": "order-322",
        "positions": [
            "article-2293",
            "article-1757",
            "article-1292",
            "article-1018"
        ]
    },
    {
        "id": "order-323",
        "positions": [
            "article-473",
            "article-142",
            "article-3092",
            "article-151"
        ]
    },
    {
        "id": "order-324",
        "positions": [
            "article-2324",
            "article-2654"
        ]
    },
    {
        "id": "order-325",
        "positions": [
            "article-501",
            "article-1760"
        ]
    },
    {
        "id": "order-326",
        "positions": [
            "article-709",
            "article-971"
        ]
    },
    {
        "id": "order-327",
        "positions": [
            "article-805",
            "article-2407",
            "article-2811"
        ]
    },
    {
        "id": "order-328",
        "positions": [
            "article-1172",
            "article-793"
        ]
    },
    {
        "id": "order-329",
        "positions": [
            "article-2256",
            "article-758",
            "article-212",
            "article-1901"
        ]
    },
    {
        "id": "order-330",
        "positions": [
            "article-896",
            "article-1251"
        ]
    },
    {
        "id": "order-331",
        "positions": [
            "article-2605",
            "article-272"
        ]
    },
    {
        "id": "order-332",
        "positions": [
            "article-107",
            "article-517"
        ]
    },
    {
        "id": "order-333",
        "positions": [
            "article-1811",
            "article-1097",
            "article-849"
        ]
    },
    {
        "id": "order-334",
        "positions": [
            "article-2840",
            "article-599"
        ]
    },
    {
        "id": "order-335",
        "positions": [
            "article-1635",
            "article-3098"
        ]
    },
    {
        "id": "order-336",
        "positions": [
            "article-2363",
            "article-3257",
            "article-2060"
        ]
    },
    {
        "id": "order-337",
        "positions": [
            "article-2737",
            "article-2664"
        ]
    },
    {
        "id": "order-338",
        "positions": [
            "article-2604",
            "article-3031",
            "article-2929"
        ]
    },
    {
        "id": "order-339",
        "positions": [
            "article-1070",
            "article-1028"
        ]
    },
    {
        "id": "order-340",
        "positions": [
            "article-3049",
            "article-838"
        ]
    },
    {
        "id": "order-341",
        "positions": [
            "article-2632",
            "article-1536"
        ]
    },
    {
        "id": "order-342",
        "positions": [
            "article-301",
            "article-1559",
            "article-401"
        ]
    },
    {
        "id": "order-343",
        "positions": [
            "article-2835",
            "article-1115"
        ]
    },
    {
        "id": "order-344",
        "positions": [
            "article-2822",
            "article-284"
        ]
    },
    {
        "id": "order-345",
        "positions": [
            "article-701",
            "article-2820",
            "article-447"
        ]
    },
    {
        "id": "order-346",
        "positions": [
            "article-2073",
            "article-2258"
        ]
    },
    {
        "id": "order-347",
        "positions": [
            "article-3178",
            "article-2071"
        ]
    },
    {
        "id": "order-348",
        "positions": [
            "article-982",
            "article-1227",
            "article-2432"
        ]
    },
    {
        "id": "order-349",
        "positions": [
            "article-1609",
            "article-321"
        ]
    },
    {
        "id": "order-350",
        "positions": [
            "article-521",
            "article-128"
        ]
    },
    {
        "id": "order-351",
        "positions": [
            "article-411",
            "article-1146"
        ]
    },
    {
        "id": "order-352",
        "positions": [
            "article-2402",
            "article-94",
            "article-1260"
        ]
    },
    {
        "id": "order-353",
        "positions": [
            "article-1750",
            "article-1190"
        ]
    },
    {
        "id": "order-354",
        "positions": [
            "article-2556",
            "article-399"
        ]
    },
    {
        "id": "order-355",
        "positions": [
            "article-1243",
            "article-984"
        ]
    },
    {
        "id": "order-356",
        "positions": [
            "article-2425",
            "article-1725"
        ]
    },
    {
        "id": "order-357",
        "positions": [
            "article-956",
            "article-2031",
            "article-2046"
        ]
    },
    {
        "id": "order-358",
        "positions": [
            "article-3176",
            "article-285"
        ]
    },
    {
        "id": "order-359",
        "positions": [
            "article-2300",
            "article-58"
        ]
    },
    {
        "id": "order-360",
        "positions": [
            "article-3231",
            "article-2433",
            "article-974"
        ]
    },
    {
        "id": "order-361",
        "positions": [
            "article-1309",
            "article-2430",
            "article-3062"
        ]
    },
    {
        "id": "order-362",
        "positions": [
            "article-1871",
            "article-2156",
            "article-787",
            "article-102",
            "article-3092"
        ]
    },
    {
        "id": "order-363",
        "positions": [
            "article-34",
            "article-259"
        ]
    },
    {
        "id": "order-364",
        "positions": [
            "article-3239",
            "article-1495",
            "article-572"
        ]
    },
    {
        "id": "order-365",
        "positions": [
            "article-2358",
            "article-3067"
        ]
    },
    {
        "id": "order-366",
        "positions": [
            "article-1795",
            "article-1923",
            "article-1689"
        ]
    },
    {
        "id": "order-367",
        "positions": [
            "article-2255",
            "article-3188",
            "article-860"
        ]
    },
    {
        "id": "order-368",
        "positions": [
            "article-372",
            "article-3190"
        ]
    },
    {
        "id": "order-369",
        "positions": [
            "article-1898",
            "article-170"
        ]
    },
    {
        "id": "order-370",
        "positions": [
            "article-617",
            "article-3028",
            "article-1700"
        ]
    },
    {
        "id": "order-371",
        "positions": [
            "article-1723",
            "article-2656",
            "article-2334"
        ]
    },
    {
        "id": "order-372",
        "positions": [
            "article-347",
            "article-861"
        ]
    },
    {
        "id": "order-373",
        "positions": [
            "article-2821",
            "article-2670",
            "article-970"
        ]
    },
    {
        "id": "order-374",
        "positions": [
            "article-1554",
            "article-2090",
            "article-1315",
            "article-1400"
        ]
    },
    {
        "id": "order-375",
        "positions": [
            "article-791",
            "article-1919",
            "article-2611"
        ]
    },
    {
        "id": "order-376",
        "positions": [
            "article-560",
            "article-1999"
        ]
    },
    {
        "id": "order-377",
        "positions": [
            "article-401",
            "article-1436",
            "article-480"
        ]
    },
    {
        "id": "order-378",
        "positions": [
            "article-2225",
            "article-1492"
        ]
    },
    {
        "id": "order-379",
        "positions": [
            "article-1390",
            "article-653"
        ]
    },
    {
        "id": "order-380",
        "positions": [
            "article-2279",
            "article-268"
        ]
    },
    {
        "id": "order-381",
        "positions": [
            "article-357",
            "article-1563",
            "article-1071",
            "article-1510"
        ]
    },
    {
        "id": "order-382",
        "positions": [
            "article-2134",
            "article-3173",
            "article-1174",
            "article-3133"
        ]
    },
    {
        "id": "order-383",
        "positions": [
            "article-1517",
            "article-1049",
            "article-88"
        ]
    },
    {
        "id": "order-384",
        "positions": [
            "article-1095",
            "article-1987"
        ]
    },
    {
        "id": "order-385",
        "positions": [
            "article-2436",
            "article-1060",
            "article-2304",
            "article-1913"
        ]
    },
    {
        "id": "order-386",
        "positions": [
            "article-1685",
            "article-3137"
        ]
    },
    {
        "id": "order-387",
        "positions": [
            "article-1325",
            "article-64",
            "article-1040"
        ]
    },
    {
        "id": "order-388",
        "positions": [
            "article-2147",
            "article-1176"
        ]
    },
    {
        "id": "order-389",
        "positions": [
            "article-2086",
            "article-2287"
        ]
    },
    {
        "id": "order-390",
        "positions": [
            "article-1154",
            "article-1125",
            "article-2581"
        ]
    },
    {
        "id": "order-391",
        "positions": [
            "article-509",
            "article-2770"
        ]
    },
    {
        "id": "order-392",
        "positions": [
            "article-732",
            "article-52",
            "article-1543"
        ]
    },
    {
        "id": "order-393",
        "positions": [
            "article-727",
            "article-2851",
            "article-2120"
        ]
    },
    {
        "id": "order-394",
        "positions": [
            "article-2857",
            "article-7",
            "article-2386",
            "article-611",
            "article-1745"
        ]
    },
    {
        "id": "order-395",
        "positions": [
            "article-2135",
            "article-2446"
        ]
    },
    {
        "id": "order-396",
        "positions": [
            "article-1390",
            "article-1682"
        ]
    },
    {
        "id": "order-397",
        "positions": [
            "article-367",
            "article-626"
        ]
    },
    {
        "id": "order-398",
        "positions": [
            "article-1732",
            "article-1897"
        ]
    },
    {
        "id": "order-399",
        "positions": [
            "article-2158",
            "article-770",
            "article-2038",
            "article-539"
        ]
    },
    {
        "id": "order-400",
        "positions": [
            "article-29",
            "article-3054"
        ]
    },
    {
        "id": "order-401",
        "positions": [
            "article-599",
            "article-1589"
        ]
    },
    {
        "id": "order-402",
        "positions": [
            "article-1802",
            "article-219"
        ]
    },
    {
        "id": "order-403",
        "positions": [
            "article-982",
            "article-1285"
        ]
    },
    {
        "id": "order-404",
        "positions": [
            "article-380",
            "article-1988"
        ]
    },
    {
        "id": "order-405",
        "positions": [
            "article-3097",
            "article-3169"
        ]
    },
    {
        "id": "order-406",
        "positions": [
            "article-97",
            "article-2488"
        ]
    },
    {
        "id": "order-407",
        "positions": [
            "article-672",
            "article-2978"
        ]
    },
    {
        "id": "order-408",
        "positions": [
            "article-240",
            "article-1919"
        ]
    },
    {
        "id": "order-409",
        "positions": [
            "article-3100",
            "article-657"
        ]
    },
    {
        "id": "order-410",
        "positions": [
            "article-313",
            "article-1433"
        ]
    },
    {
        "id": "order-411",
        "positions": [
            "article-3283",
            "article-996",
            "article-170",
            "article-3060",
            "article-2998"
        ]
    },
    {
        "id": "order-412",
        "positions": [
            "article-1783",
            "article-1505",
            "article-2558"
        ]
    },
    {
        "id": "order-413",
        "positions": [
            "article-703",
            "article-3095"
        ]
    },
    {
        "id": "order-414",
        "positions": [
            "article-1252",
            "article-1796"
        ]
    },
    {
        "id": "order-415",
        "positions": [
            "article-2086",
            "article-1931"
        ]
    },
    {
        "id": "order-416",
        "positions": [
            "article-471",
            "article-395"
        ]
    },
    {
        "id": "order-417",
        "positions": [
            "article-2329",
            "article-3256",
            "article-236",
            "article-59"
        ]
    },
    {
        "id": "order-418",
        "positions": [
            "article-2042",
            "article-41"
        ]
    },
    {
        "id": "order-419",
        "positions": [
            "article-2966",
            "article-2507"
        ]
    },
    {
        "id": "order-420",
        "positions": [
            "article-1131",
            "article-174"
        ]
    },
    {
        "id": "order-421",
        "positions": [
            "article-3049",
            "article-2806"
        ]
    },
    {
        "id": "order-422",
        "positions": [
            "article-2954",
            "article-1711"
        ]
    },
    {
        "id": "order-423",
        "positions": [
            "article-1505",
            "article-380",
            "article-653",
            "article-1745"
        ]
    },
    {
        "id": "order-424",
        "positions": [
            "article-1727",
            "article-575"
        ]
    },
    {
        "id": "order-425",
        "positions": [
            "article-1806",
            "article-3182",
            "article-1722",
            "article-2696"
        ]
    },
    {
        "id": "order-426",
        "positions": [
            "article-2650",
            "article-707"
        ]
    },
    {
        "id": "order-427",
        "positions": [
            "article-1449",
            "article-64"
        ]
    },
    {
        "id": "order-428",
        "positions": [
            "article-1559",
            "article-130",
            "article-2951"
        ]
    },
    {
        "id": "order-429",
        "positions": [
            "article-333",
            "article-1030",
            "article-1288"
        ]
    },
    {
        "id": "order-430",
        "positions": [
            "article-2311",
            "article-450",
            "article-1107"
        ]
    },
    {
        "id": "order-431",
        "positions": [
            "article-1486",
            "article-624"
        ]
    },
    {
        "id": "order-432",
        "positions": [
            "article-2842",
            "article-1462",
            "article-2833",
            "article-702",
            "article-1469"
        ]
    },
    {
        "id": "order-433",
        "positions": [
            "article-8",
            "article-2562"
        ]
    },
    {
        "id": "order-434",
        "positions": [
            "article-473",
            "article-935"
        ]
    },
    {
        "id": "order-435",
        "positions": [
            "article-1952",
            "article-1010",
            "article-1775",
            "article-2348"
        ]
    },
    {
        "id": "order-436",
        "positions": [
            "article-2811",
            "article-2084",
            "article-3198"
        ]
    },
    {
        "id": "order-437",
        "positions": [
            "article-500",
            "article-2641",
            "article-2565"
        ]
    },
    {
        "id": "order-438",
        "positions": [
            "article-2155",
            "article-530"
        ]
    },
    {
        "id": "order-439",
        "positions": [
            "article-2678",
            "article-2143",
            "article-762"
        ]
    },
    {
        "id": "order-440",
        "positions": [
            "article-209",
            "article-1182"
        ]
    },
    {
        "id": "order-441",
        "positions": [
            "article-2215",
            "article-1397"
        ]
    },
    {
        "id": "order-442",
        "positions": [
            "article-2641",
            "article-2949",
            "article-1287",
            "article-2439"
        ]
    },
    {
        "id": "order-443",
        "positions": [
            "article-2545",
            "article-1025"
        ]
    },
    {
        "id": "order-444",
        "positions": [
            "article-846",
            "article-1009"
        ]
    },
    {
        "id": "order-445",
        "positions": [
            "article-3317",
            "article-145"
        ]
    },
    {
        "id": "order-446",
        "positions": [
            "article-1464",
            "article-2596"
        ]
    },
    {
        "id": "order-447",
        "positions": [
            "article-2036",
            "article-3215"
        ]
    },
    {
        "id": "order-448",
        "positions": [
            "article-165",
            "article-544"
        ]
    },
    {
        "id": "order-449",
        "positions": [
            "article-466",
            "article-440"
        ]
    },
    {
        "id": "order-450",
        "positions": [
            "article-2351",
            "article-3060"
        ]
    },
    {
        "id": "order-451",
        "positions": [
            "article-2686",
            "article-1131"
        ]
    },
    {
        "id": "order-452",
        "positions": [
            "article-650",
            "article-51",
            "article-2544"
        ]
    },
    {
        "id": "order-453",
        "positions": [
            "article-930",
            "article-2170"
        ]
    },
    {
        "id": "order-454",
        "positions": [
            "article-2666",
            "article-2228"
        ]
    },
    {
        "id": "order-455",
        "positions": [
            "article-672",
            "article-973",
            "article-1675"
        ]
    },
    {
        "id": "order-456",
        "positions": [
            "article-3047",
            "article-1246",
            "article-1669"
        ]
    },
    {
        "id": "order-457",
        "positions": [
            "article-3133",
            "article-2222"
        ]
    },
    {
        "id": "order-458",
        "positions": [
            "article-571",
            "article-712",
            "article-929"
        ]
    },
    {
        "id": "order-459",
        "positions": [
            "article-1964",
            "article-2110",
            "article-2273"
        ]
    },
    {
        "id": "order-460",
        "positions": [
            "article-2600",
            "article-3311"
        ]
    },
    {
        "id": "order-461",
        "positions": [
            "article-1775",
            "article-2365",
            "article-2340"
        ]
    },
    {
        "id": "order-462",
        "positions": [
            "article-704",
            "article-2125"
        ]
    },
    {
        "id": "order-463",
        "positions": [
            "article-3296",
            "article-2688"
        ]
    },
    {
        "id": "order-464",
        "positions": [
            "article-2126",
            "article-526"
        ]
    },
    {
        "id": "order-465",
        "positions": [
            "article-2011",
            "article-2677"
        ]
    },
    {
        "id": "order-466",
        "positions": [
            "article-1792",
            "article-2091",
            "article-3234",
            "article-2810"
        ]
    },
    {
        "id": "order-467",
        "positions": [
            "article-954",
            "article-658"
        ]
    },
    {
        "id": "order-468",
        "positions": [
            "article-2029",
            "article-1339",
            "article-928"
        ]
    },
    {
        "id": "order-469",
        "positions": [
            "article-1065",
            "article-1739",
            "article-1472"
        ]
    },
    {
        "id": "order-470",
        "positions": [
            "article-1706",
            "article-3301",
            "article-1244"
        ]
    },
    {
        "id": "order-471",
        "positions": [
            "article-778",
            "article-452"
        ]
    },
    {
        "id": "order-472",
        "positions": [
            "article-2288",
            "article-2823",
            "article-1125",
            "article-2805"
        ]
    },
    {
        "id": "order-473",
        "positions": [
            "article-2793",
            "article-624"
        ]
    },
    {
        "id": "order-474",
        "positions": [
            "article-1848",
            "article-2566",
            "article-1497"
        ]
    },
    {
        "id": "order-475",
        "positions": [
            "article-1977",
            "article-2672",
            "article-78",
            "article-2376",
            "article-952"
        ]
    },
    {
        "id": "order-476",
        "positions": [
            "article-2278",
            "article-371",
            "article-1197",
            "article-3214",
            "article-2911",
            "article-987"
        ]
    },
    {
        "id": "order-477",
        "positions": [
            "article-2382",
            "article-1166",
            "article-697",
            "article-2059"
        ]
    },
    {
        "id": "order-478",
        "positions": [
            "article-1781",
            "article-786",
            "article-2266"
        ]
    },
    {
        "id": "order-479",
        "positions": [
            "article-645",
            "article-1227"
        ]
    },
    {
        "id": "order-480",
        "positions": [
            "article-807",
            "article-2516",
            "article-1360"
        ]
    },
    {
        "id": "order-481",
        "positions": [
            "article-475",
            "article-3068",
            "article-3065",
            "article-419"
        ]
    },
    {
        "id": "order-482",
        "positions": [
            "article-289",
            "article-171",
            "article-229",
            "article-779"
        ]
    },
    {
        "id": "order-483",
        "positions": [
            "article-2002",
            "article-2419"
        ]
    },
    {
        "id": "order-484",
        "positions": [
            "article-3022",
            "article-468"
        ]
    },
    {
        "id": "order-485",
        "positions": [
            "article-1939",
            "article-1488"
        ]
    },
    {
        "id": "order-486",
        "positions": [
            "article-1414",
            "article-1077"
        ]
    },
    {
        "id": "order-487",
        "positions": [
            "article-1350",
            "article-2763",
            "article-703"
        ]
    },
    {
        "id": "order-488",
        "positions": [
            "article-434",
            "article-579",
            "article-1778"
        ]
    },
    {
        "id": "order-489",
        "positions": [
            "article-1410",
            "article-303",
            "article-1684",
            "article-2943"
        ]
    },
    {
        "id": "order-490",
        "positions": [
            "article-2555",
            "article-2296",
            "article-82",
            "article-2348"
        ]
    },
    {
        "id": "order-491",
        "positions": [
            "article-866",
            "article-578"
        ]
    },
    {
        "id": "order-492",
        "positions": [
            "article-1860",
            "article-1133",
            "article-1642"
        ]
    },
    {
        "id": "order-493",
        "positions": [
            "article-115",
            "article-1918"
        ]
    },
    {
        "id": "order-494",
        "positions": [
            "article-2457",
            "article-2156",
            "article-2984"
        ]
    },
    {
        "id": "order-495",
        "positions": [
            "article-811",
            "article-2839",
            "article-3326"
        ]
    },
    {
        "id": "order-496",
        "positions": [
            "article-2217",
            "article-1306"
        ]
    },
    {
        "id": "order-497",
        "positions": [
            "article-1043",
            "article-2835"
        ]
    },
    {
        "id": "order-498",
        "positions": [
            "article-866",
            "article-2155"
        ]
    },
    {
        "id": "order-499",
        "positions": [
            "article-25",
            "article-369"
        ]
    }
]